name,desc,price
床尚天然原木御凉席,原木纤维，排汗透气，多彩席面...,¥ 99 起
头层水牛皮席三件套,100%厚切头层牛皮，经久耐用，...,¥ 2499 起
8H 水洗棉抗菌空调被,高效抑菌可机洗，柔软透气，婴...,¥ 169 起
8H 抗菌凉感薄被,舒适凉感，透气速干，高效抑菌...,¥ 129 起
床尚老粗布凉席三件套,传统工艺织造，长绒棉纱线，透...,¥ 299
COMO LIVING法国进口水洗亚麻件...,法国纯正亚麻，凉爽亲肤，天然...,¥ 299 起
天然蔺草席三件套,优选天然蔺草，透气吸湿，保持...,¥ 259 起
COMO LIVING冷感超柔凉爽薄被,冷感纤维，冰凉干爽，双面设计...,¥ 99 起
每晚竹语天丝凉感三件套,抑菌透气，凉爽亲肤，耐洗耐磨,¥ 399 起
Bestkids婴儿冰丝凉席,清凉透气 | 柔和亲肤 | 四角弹...,¥ 79
COMO LIVING天竺棉抗菌针织夏凉...,新疆长绒棉，抗菌棉填充，柔和...,¥ 99 起
每晚滑爽天丝印花四件套,奥地利兰精天丝，深海睡眠因子...,¥ 549 起
8H凝胶记忆绵枕,清凉小天地，零压好睡眠,¥ 199
COMO LIVING华夫格纯棉多功能盖...,阿克苏长绒棉，植物染色，经典...,¥ 199 起
每晚竹语天丝四件套,凉爽丝滑，双重透气，天然抑菌...,¥ 399 起
每晚微凉天丝桑蚕丝夏被,双宫茧桑蚕丝，奥地利兰精天丝...,¥ 549 起
8H光双宫茧桑蚕丝被（夏款）,100%光双宫茧桑蚕丝， 古法手作...,¥ 489 起
每晚丝滑贴身夏被,如丝如缎，透气亲肤，自然干爽,¥ 299 起
8H可水洗凉感软席,柔软席面，凉而不冰，高弹支撑...,¥ 129 起
8H七分区天然乳胶床垫R1,泰国纯天然乳胶，新一代发泡工...,¥ 1099 起
8H乳胶弹簧静音床垫M3,20厘米厚度，独立袋装弹簧支撑...,¥ 1599 起
8H天然乳胶床垫M1,天然乳胶，0胶水环保材质，医用...,¥ 599 起
8H乳胶多线径独立筒弹簧床垫T3,精准人体工学，多线径独立筒弹...,¥ 1999 起
8H天然乳胶床垫M2,17厘米厚度，唯美外观，天然乳...,¥ 1299 起
8H双面双温感乳胶弹簧床垫M5,双面双睡感，夏季凉感，冬季温...,¥ 1999 起
宇宙沙盘控温抗菌床垫保护垫,冷热控温 高效抗菌 防污洁净 方...,¥ 199 起
每晚抗菌防螨床垫保护套,床垫拍档，抗菌防螨，亲肤透气...,¥ 119
8H防螨抗菌青春床垫,抗菌防螨，亲肤透气，一垫多用...,¥ 499 起
Yeelight智能LED吸顶灯,荣获德国iF工业设计大奖和德国...,¥ 379
Yeelight全屋超值灯组,打造全屋智能灯光方案,¥ 2499 直降
Yeelight智能皎月吸顶灯 480版...,超薄灯体，专利快装结构，20㎡...,¥ 499
Yeelight智能皎月吸顶灯 650版...,增加绚丽多彩智能背光氛围灯，...,¥ 899
Yeelight皎月吸顶灯组（一室一...,小户优选，皎月吸顶灯480/650,¥ 1298 直降
Yeelight皓石感应LED吸顶灯min...,内置双感应器，人来即亮，高显...,¥ 99
Yeelight LED智能灯泡 升级版...,亮度升级，色温亮度可调，早晚...,¥ 99 起
Yeelight智能护眼台灯Pro,德国首发，复旦大学教授鉴定，...,¥ 799
原木简约盘子台灯,天然实木，温馨简约，兼具收纳...,¥ 249
飞利浦智睿筒灯 可调色温版,亮度无级调节，随心变化 ／ 编...,¥ 59
飞利浦智睿床头灯,无极旋转调光调色，多种动态氛...,¥ 299
米家LED吸顶灯,显色指数高达Ra95 ／ 采用72颗...,¥ 399
飞利浦智奕台灯 黑金版,线性大简设计，独特双光源设计...,¥ 249
飞利浦智奕吸顶灯 星空版,浪漫繁星透光设计，色温亮度可...,¥ 499 起
Yeelight智能全屋超值灯组,一步拥有，全屋智能照明,¥ 759 起
Yeelight充电感应夜灯,灵活放置，USB充电，超长续航，...,¥ 79 起
Yeelight智能烛光氛围灯,至美造型，无极亮度调节，移动...,¥ 299
Yeelight LED筒灯,高亮度，低功耗/简约风格/专业...,¥ 39.9 起
Yeelight语音助手,荣膺CES ASIA创新大奖，内置微...,¥ 229 直降
米家床头灯,1600万种灯光颜色，米家智能场...,¥ 249
米家飞利浦智睿台灯二代,聪明光校，全自由度结构设计，...,¥ 199
米家LED智能台灯,光的艺术品，荣获iF设计金奖,¥ 169
Yeelight智能氛围彩光灯带,柔性带状光源，DIY专属氛围,¥ 169
一居室明朗灯光组合套装,Yeelight皎月智能吸顶灯480+Ye...,¥ 828 直降
两居室温馨灯光组合套装,两居室温馨灯光，为家人聚好光,¥ 1956 直降
Yeelight臻白LED面板灯,均匀明亮，超薄设计，防尘防蚊...,¥ 128 起
飞利浦智睿蜡烛灯泡,E14小螺口 / APP编组控制 / 亮...,¥ 59
Yeelight皎月吊灯,极简风格，氛围好光，金属灯身...,¥ 349
米家飞利浦智睿吸顶灯,知季节变幻，调色温冷暖,¥ 349
米家感应夜灯,光敏+红外感应，可挂可贴，亮度...,¥ 49
Yeelight LED智能灯泡 彩光版...,绚丽多彩的灯光颜色，冷暖色温...,¥ 99
Yeelight灵动LED充电台灯,灵活自如，好光舒适，色温亮度...,¥ 149
COOWOO移动充电LED台灯,8小时最亮照明，100天超长待机,¥ 139
Yeelight LED 吸顶灯（儿童版）...,童趣Q萌图案，柔光不刺眼，月光...,¥ 429
飞利浦智睿球泡灯,自由调节亮度及色温，多个灯泡...,¥ 49
样子自由组合方糖沙发,随心搭配，103°靠背，超宽坐深...,¥ 569 起
摩摩哒智能休闲按摩椅,全身按摩，模拟零重力，智能AP...,¥ 4599
8H独立袋装弹簧布艺沙发,0螺丝组装，万元级配置，优雅设...,¥ 1199 起
样子小世界床头柜,简约设计，圆润弧度，自然纹理...,¥ 349
铜师傅安格尔黑胡桃原木餐桌椅,黑胡桃原木，榫卯结构，悬浮式...,¥ 299 起
8H真皮电动休闲沙发,头层牛皮，高密度海绵，德国电...,¥ 1999
铜师傅黑胡桃原木小桌凳（升级...,榫卯结构，黄铜配饰，无钉无漆...,¥ 169 起
橙舍简约风客厅组合式茶几,天然竹制，高低组合，简约设计...,¥ 269 起
橙舍多功能T移动边几,天然竹制，任意移动，双层置物...,¥ 229
橙舍多功能沙发伴侣,天然竹制，多场景使用，不占空...,¥ 199
或许墙面置物架,北欧设计师，俄罗斯实木，曲木...,¥ 179 起
8H美式简约独立弹簧布艺沙发,松软包裹感，宽厚大身量，环保...,¥ 1699 起
橙舍多层靠墙置物架,多功能置物，斜靠造型，底部防...,¥ 199
8H懒人舒适沙发,舒适支撑，细腻耐磨，简洁百搭,¥ 599 直降
傲风有品定制电竞椅,加厚海绵坐垫 四级防爆气压杆 ...,¥ 999
8H 水洗棉抗菌空调被,高效抑菌可机洗，柔软透气，婴...,¥ 169 起
8H 抗菌凉感薄被,舒适凉感，透气速干，高效抑菌...,¥ 129 起
8H光双宫茧桑蚕丝被（夏款）,100%光双宫茧桑蚕丝， 古法手作...,¥ 489 起
COMO LIVING冷感超柔凉爽薄被,冷感纤维，冰凉干爽，双面设计...,¥ 99 起
COMO LIVING天竺棉抗菌针织夏凉...,新疆长绒棉，抗菌棉填充，柔和...,¥ 99 起
COMO LIVING华夫格纯棉多功能盖...,阿克苏长绒棉，植物染色，经典...,¥ 199 起
8H 儿童天然蚕丝子母被,100%天然蚕丝，安心彩棉，子母...,¥ 299 起
每晚微凉天丝桑蚕丝夏被,双宫茧桑蚕丝，奥地利兰精天丝...,¥ 549 起
8H可水洗凉感软席,柔软席面，凉而不冰，高弹支撑...,¥ 129 起
每晚澳大利亚羊毛床褥,100%美利奴羊毛 久用不塌陷 防...,¥ 299 起
8H光双宫茧桑蚕丝被（春秋款）,古法手作，舒适保暖，3斤/4斤可...,¥ 1199 起
8H 3D七孔保暖被,1:4:1优质填充，更轻更暖不压身,¥ 239 起
8H　95％白鹅绒静音被 Y1,95%大朵白鹅绒，59°错位格斜立...,¥ 899 起
每晚丝滑贴身夏被,如丝如缎，透气亲肤，自然干爽,¥ 299 起
每晚智暖95％白鹅绒被,全新一代超轻超暖分区白鹅绒，...,¥ 999 起
每晚臻绒经典白鹅绒被,品质好绒，古法工艺，95%白鹅绒,¥ 999 起
每晚随身暖心羽绒小披毯,防寒小物，灰鹅绒填充，多功能...,¥ 129
每晚精梳棉针织毯,新疆细绒棉，双面色织，婴幼儿...,¥ 99 起
宇宙沙盘控温被,航天新材料，冷热动态控温，轻...,¥ 699 起
床尚亲肤云绒冬厚被,云绒纤维，超轻面料，柔软舒适...,¥ 129 起 直降
8H护颈乳胶枕Z2,天然乳胶，三曲线护颈，弹力上乘,¥ 239
8H乳胶枕Z1,泰国乳胶，德国物理防螨内枕套...,¥ 159 起
8H凝胶记忆绵枕,清凉小天地，零压好睡眠,¥ 199
8H白鹅绒三腔舒适枕,三腔复合填充，五星级好睡眠,¥ 299
8H可调节天然乳胶颗粒枕,2kg纯乳胶颗粒填充，整块乳胶打...,¥ 269
8H 3D透气舒弹枕,双重螺旋结构，释放颈部压力,¥ 99
每晚苦荞分区护颈枕,高低可调，益气安神，三重净化...,¥ 79
8H Evolon抗菌防螨儿童定型枕,柔软支撑，抗菌防螨，100%全进...,¥ 129
8H三曲线记忆绵枕H1 四季版,舒缓颈椎，除菌除湿，四季适用,¥ 99 起
8H蝶形记忆绵枕H2 四季版,翻身无压力，修复颈椎，四季适用,¥ 129
每晚多功能强支撑午睡枕,3D曲面支撑，办公室午睡神器,¥ 69
8H记忆绵U形护颈枕,时刻护颈  伴你左右,¥ 49
8H记忆绵多功能午睡枕,一枕多用  午休神器,¥ 79
多功能便携护颈枕,天竺棉抑菌外枕套，天然乳胶颗...,¥ 79 起
COMO LIVING纯棉几何印花四件套...,柔软亲肤，活性印染，四季适用...,¥ 299 起
床尚天然原木御凉席,原木纤维，排汗透气，多彩席面...,¥ 99 起
COMO LIVING法国进口水洗亚麻件...,法国纯正亚麻，凉爽亲肤，天然...,¥ 299 起
头层水牛皮席三件套,100%厚切头层牛皮，经久耐用，...,¥ 2499 起
每晚春夏抑菌竹棉四件套,质朴触感，吸湿透气，天然抑菌...,¥ 429 起
COMO LIVING纯棉花鸟印花双人四...,阿克苏长绒棉，清新花纹，田园...,¥ 359 起
每晚竹语天丝四件套,凉爽丝滑，双重透气，天然抑菌...,¥ 399 起
每晚竹语天丝凉感三件套,抑菌透气，凉爽亲肤，耐洗耐磨,¥ 399 起
COMO LIVING埃及长绒棉贡缎丝滑...,埃及长绒棉，丝绸般质地，珠光...,¥ 179 起
8H天竺棉针织件套,高弹天竺棉 婴童级呵护,¥ 239
COMO LIVING儿童缎纹印花三件套...,埃及长绒棉，新活性印染，童趣...,¥ 399
每晚滑爽天丝印花四件套,奥地利兰精天丝，深海睡眠因子...,¥ 549 起
床尚老粗布凉席三件套,传统工艺织造，长绒棉纱线，透...,¥ 299
每晚抗菌防螨床垫保护套,床垫拍档，抗菌防螨，亲肤透气...,¥ 119
每晚长绒棉贡缎套件,丝般睡感，纹理细腻，柔润升级...,¥ 299 起
每晚长绒棉暖绒四件套,60支长绒棉，陶瓷温感起绒技术...,¥ 449 起
纯棉色纺纱四件套,独特混色效果，手感柔软，自然...,¥ 429 起
每晚亲肤水洗棉四件套,水洗技艺，防脱水防褪色,¥ 299 起
乐居者纯棉缎纹撞色四件套,纯棉贡缎，手工拼条，亲肤面料...,¥ 399 起
长绒棉极简缎纹枕套 一对装,通体全棉，整体裁剪，四季通用...,¥ 39
床尚天竺棉针织亲肤套件,针织面料，着色自然，柔软透气,¥ 239 起
每晚亲肤水洗棉床单/枕套,质朴手感，直接机洗、差旅必备,¥ 69 起
8H天竺棉抗菌亲肤枕套,天然抗菌，天竺棉外枕套/Clean...,¥ 49 起
乐居者水洗亚麻清凉三件套,天然亚麻，快速散热，春夏良品,¥ 359 起
彩虹大孔雀竹芋,纹路清晰的高颜值观叶植物，绿...,¥ 59
原木简约数字挂钟,回归自然，原木质感，简约设计...,¥ 199
原木静音扫秒闹钟,回归自然，原木质感，静音扫秒,¥ 99
单身狗“佟旺旺”,古法铸造，优质黄铜，高温着色...,¥ 299
好运常伴绿植套装（幸福树、金...,清新绿植，四季葱翠，装点家居...,¥ 99
北欧风植物三盆装（橡皮树、琴...,"极简装饰,四季常绿,株型优美,轻...",¥ 149
十全十美多肉盆组,高原多肉，植株健硕，品类多样...,¥ 199
康乃馨盆栽（2盆装）,亲情之花，花色娇艳，斑斓雅洁,¥ 69
花花草草监测仪,光温水肥全面监测，手机植物数...,¥ 49
小叶紫檀盆栽,色调呈黑色，微有芳香，深沉古雅,¥ 89
花花草草智能花盆,智能监测，体贴守护钟爱植物,¥ 149
绿植盆栽（4盆装）,嫩绿好心情，空气更清新,¥ 65
香冠柏家居绿植盆栽,独特造型，清新百搭，秋冬季人...,¥ 39
个性文艺多肉盆栽,高原多肉，色泽艳丽，植株健硕...,¥ 39 起
白掌(一帆风顺)盆栽,轻盈多姿，清新自然，洁净保湿,¥ 39
大盆绿萝盆栽,好养易活，四季常绿，大方美观,¥ 39
长寿花盆栽（4盆装）,颜色艳丽，寓意吉祥,¥ 62
掌心迷你玫瑰礼盒,手心大小，欧洲独特品类，爱的...,¥ 99 起
红掌盆栽（2盆装）,外形艳丽，花期持久的荷兰优选...,¥ 69 起
花花草草养护套装,体验轻松养花乐趣,¥ 69 起
雁舍北欧风家居地毯,几何设计，柔软舒适，隔音降噪...,¥ 399 起
180°可折弯天然软木地垫,软木材质，恒温防滑，百变拼接...,¥ 199
入户门专用防尘地垫（仿草坪版）,刮沙除尘，耐磨耐蹭，材质环保...,¥ 89 起
热带雨林手绘抱枕,新疆长绒棉，手绘艺术，数码印...,¥ 79
法国水洗亚麻抱枕,法国进口亚麻，天然抑菌防螨，...,¥ 89
每晚全棉素色格调抱枕,文艺质朴手感，帆布环保耐用,¥ 39 起
柔软米兔抱枕 60cm,严格选料，材质柔软 ，精制工艺...,¥ 129
入户门专用除尘地垫（菠萝纹版）,刮沙除尘，耐磨耐蹭，材质环保...,¥ 79 起
name,desc,price
金鸟驱蚊片（2片装）,"长效驱蚊,同步判定时长,内附驱...",¥ 39
ZMI随身驱蚊器,"离心式挥发,长效驱蚊,随身便携",¥ 59
米家驱蚊器,"室内自由摆放,无加热式设计,一...",¥ 59
驱蚊片,"长效驱蚊,蜂巢式设计,自动判定...",¥ 29
收纳垃圾桶,"外观简约,原创齿型结构,RoHS认...",¥ 59
花漾超短五折防晒伞,"精致小巧,遮阳防晒,晴雨两用",¥ 59
醛净双效活性炭包,"吸附甲醛+苯,高碘值活性炭,隔菌...",¥ 49
洁致抽绳式垃圾袋,"便利收口,新料加厚,防漏锁味,健...",¥ 49 起
品罗自动伞,"一键自动开合,防回弹设计,23寸...",¥ 79
17PIN PP组合储物箱,"透明抽屉,环保材质,随心组合,密...",¥ 79 起 直降
硅藻土浴室地垫,坚硬质地，吸水速干，清洗便捷...,¥ 95 直降
洗欢抹茶色洗漱三件套,清新抹茶色，简约设计风，贴心...,¥ 26.9 直降
悦生活基础小挂钩 6个装,美国进口3M胶，可承重3kg，适用...,¥ 39
自动折叠伞,一键开合，爱上每个下雨的日子,¥ 99
柚家湿厕纸 10包/箱,"安全杀菌,含植物精华,柔软厚实...",¥ 79
考拉妈妈婴童纯棉湿巾,婴童专用 春黄菊花提取物,¥ 69 起
小鹿叮叮纯棉婴儿手口柔湿巾,天然纯棉 无化学添加,¥ 39.9 起
竹纤维无芯卷纸,"拒绝添加,食品级认证,天然慈竹...",¥ 59
柚家竹纤维手帕纸 米家定制,"18包/组,天然竹浆,安全抑菌,四...",¥ 9.9
柚家竹纤维纸巾 米家定制,"6包/提,天然竹浆,有效抑菌,柔韧...",¥ 19.9
柚家抽取式纸面巾 24包,"原生木浆,安全洁净,加厚蓬松,柔...",¥ 79 起
柚家清洁湿巾（家庭装）80片/包...,"母婴适用,EDI纯水,柔软细腻,温...",¥ 49
柚家镜屏清洁湿巾 米家定制,"多功能清洁,速干不掉屑,双面设...",¥ 4 直降
柚家手口清洁湿巾 30包,"10片X30包,母婴适用,RO纯水,柔...",¥ 55
无染天然竹纤维抑菌卷纸 24卷/...,不漂白，无有害添加，食品级认...,¥ 89
洁致懒人抹布 8卷,吸水吸油，干湿两用，强效清洁,¥ 119
柚家卷筒卫生纸 20卷/箱,原生木浆，细腻柔滑，四层加厚...,¥ 79
洁致厨房湿巾 30片*6包,塑点摩擦工艺，去油 除污 祛味...,¥ 119
柚家超韧天然纸面巾 18包/箱,原生木浆，安全洁净，韧滑柔软...,¥ 69 起
天然竹纤维抑菌纸巾尊享包 20包...,不漂白，无有害添加，食品级认...,¥ 89
柚家超柔竹纤维纸面巾 12包/箱...,天然竹浆，保湿抑菌，超柔亲肤,¥ 69 起
天然竹纤维抑菌纸巾畅享包 18包...,不漂白，无有害添加，食品级认证,¥ 59 直降
无染天然竹纤维抑菌手帕纸 12包...,不漂白，无有害添加，食品级认...,¥ 49
婴儿全棉柔巾 6包装,进口美棉，干湿两用，零添加，...,¥ 86 直降
全棉柔巾 6包装,进口美棉，干湿两用，零添加，...,¥ 126
全棉抗菌湿巾 12片/包 10包/箱...,进口美棉，温和不刺激，新生儿...,¥ 69
柚家迷你手帕纸 72包/箱,小巧轻便，原生木浆，干湿两用...,¥ 39 起
wiha 升降弹仓式26合1螺丝刀,"隐藏式弹仓,13枚高精度铬钒钢双...",¥ 199
小米随身手电筒,11 挡可调亮度，极简设计，335...,¥ 79
Wowstick电动螺丝刀1fs 升级版...,一体铝机身，手自一体切换，LE...,¥ 199
米家wiha精修螺丝刀套装,24枚wiha精密批头,¥ 99
洒哇地咔无线手持除螨仪,"无线手持,高频拍打,强劲吸力,紫...",¥ 399
悠启小白鞋清洁剂+增白剂,"低泡免洗,快速增白,养护皮革,3...",¥ 29.9
小闲除螨抗菌洗衣机槽清洗剂,"除螨率100%,杀菌抗菌,强力去污",¥ 49 起
洒哇地咔无线手持电动擦地机,往复式擦地，强效拖布，轻松操...,¥ 599
德尔玛喷水拖把,"即拖即干,0.75kg不费力,碳纤维...",¥ 59
洁致不锈钢洗杯刷+3个可替换刷...,蜂窝海绵，快速起泡，避免细菌...,¥ 19.9
洁致竹制长柄锅刷,竹制手柄，软硬适中刷毛，强力...,¥ 26.9
洁致金刚砂海绵魔力擦 5片装,清污除垢，厨具去锈，打磨抛光...,¥ 19.9
洁致三层复合洗碗刷 6片装,多效合一，防刮伤，更抑菌，起...,¥ 16.9
洁致竹纤维抹布 五条/包,质地柔韧，一冲即白，凸纹去污...,¥ 29.9
洁致竹柄EVA泡棉红酒杯刷,新型材质，软硬刷毛适中，不伤...,¥ 26.9
小闲鞋袜除味剂,"天然植物除臭,长效抑菌,干爽不...",¥ 35.9 起 直降
屏幕清洁喷雾,"分离式瓶体设计,高吸附纤维布,...",¥ 36
喜方良品全效洗衣片 28片/盒,低泡技术，母婴级别适用，pH中...,¥ 25 起
喜方良品吸色防染片 35片/盒,混洗防染，洁净护色，强力吸附...,¥ 25 起
小闲三倍浓缩洗衣液 1千克/瓶,深层去污，三倍浓缩，速溶易漂...,¥ 49 起
小吉浓缩洗衣液,丹麦酵素技术，4倍洁净力，温和...,¥ 49.9 起
小闲洗衣凝珠,6倍洁净，柔顺护色，简单易用，...,¥ 79 起
洒哇地咔电动擦地机拖布,强效清洁，不易掉毛，轻松更换,¥ 35 起
Cature 小壳 原木结团猫砂,"7天不铲也不臭,结团黑科技,7倍...",¥ 39 起
Cature 小壳 原石膨润土猫砂,"美国原矿,1秒结团,8倍吸水,无尘...",¥ 59 起
Cature 小壳 豆腐猫砂,"环保安全,4倍吸水,3秒结团,无尘...",¥ 29 起
NOBLE思源 文具袋,"简约设计,防污耐磨,轻松收纳,携...",¥ 29.9
Radical 瑞士中性笔（12支装）,"瑞士精工,防止漏墨,书写流畅,随...",¥ 24.9
LEMO乐迈 订书机,"底部钉子储藏室,钉子余量提醒,...",¥ 19.9 起
小米多用笔记本,"经典绑带设计,手工包角,优质PU...",¥ 39
NOBLE思源笔记本套装,"多层收纳设计,笔本一体设计,防...",¥ 59
米家金属签字笔专用笔芯,"流畅顺滑,遇水不晕,0.5mm高精密...",¥ 6 直降
米家创意贴纸,"优质PVC防水材质,水性背胶可移...",¥ 9 直降
金属签字笔,180°旋转出笔，轻触自动回弹收...,¥ 24 直降
米家中性笔专用笔芯 3支装,3支一盒，流畅顺滑，遇水不晕，...,¥ 6 直降
Populele智能尤克里里 猫咪款,创新设计，猫咪造型，至臻品质...,¥ 499
Populele U1 智能尤克里里,搭配APP游戏式教学，独具风格的...,¥ 499
品罗中性笔套装 3支装,进口笔芯油墨，120°轻旋出笔，...,¥ 34.9
KACO书源中性笔 10支装,中国好设计金奖，高效办公学习...,¥ 29
SKY百锋墨水笔套装,精密注塑，德国核心书写部件，...,¥ 69
SKY百锋走珠笔 2支装,精密注塑，德国原装走珠笔尖，...,¥ 39 起
KACO一次性墨水囊 12支装,大容量，双头设计，色彩艳丽,¥ 29
SKY百锋钢笔(送墨囊),精准控墨，书写流畅，德国进口...,¥ 49 起
KACO彩虹中性笔 (12支装),进口油墨，书写顺滑，外形简约,¥ 34
米家签字笔,瑞士进口笔芯，日本进口油墨，...,¥ 9 直降
小米生态链战地笔记,记录小米生态链“野蛮生长”这...,¥ 40 直降
品罗线装便携笔记本 3件装,雅臻纯质感，复古车线，精巧便...,¥ 19.9
Populele智能尤克里里 U1,游戏闯关，跟灯弹奏，随性弹唱...,¥ 499
悦生活拖把挂钩（3个装）,"美国进口3M胶,悬挂收纳,单手可...",¥ 45.9
大容量竹纤维桌面收纳盒,"加大容量,科学分格,可拆分清洗...",¥ 89
17PIN PP组合储物箱,"透明抽屉,环保材质,随心组合,密...",¥ 79 起 直降
橙舍竹纤维纸巾盒,天然竹材，换取方便，多场景使...,¥ 89
悦生活卫浴五件套装,"美国进口3M胶,人性化设计,分类...",¥ 59
竹纤维桌面收纳盒,天然竹制，分类收纳，多场景使...,¥ 69
原素收纳盒 6件套,衣柜里的空间魔方,¥ 69
原素内衣收纳盒 2件套,守护你的贴身之物,¥ 49
原素鞋物收纳盒 2件装,心爱战靴的守护卫士,¥ 59
原素衣物防尘罩 2件装,何处惹尘埃,¥ 49 起
原素挂式5层收纳袋,家的理想层,¥ 59
小米电源线收纳盒,防尘，绝缘，插线板专用，桌面...,¥ 49
name,desc,price
德尔玛净化上加水加湿器,UV灯净化，5L大容量，专利电磁...,¥ 299
德尔玛环吸背式吸尘器,轻巧背携吸尘，双环流系统，多...,¥ 399
乐秀立式大风量空气循环风扇,激活全屋空气，四面八方自动送...,¥ 499
智米纯净型加湿器,蒸发加湿，便捷注水，4L大水箱...,¥ 499
智米智能马桶盖,即热式恒温供水，舒适冲洗/妇洗...,¥ 999
睿米手持无线吸尘器,轻便大吸力，长久续航，多刷头...,¥ 1699
石头扫地机器人,米家扫地机器人团队出品！  传...,¥ 2499
米家扫地机器人,高精度激光测距，智能规划路径...,¥ 1699
小沐智能马桶盖,纳米银抗菌除臭，持久保持空气...,¥ 1199
小沐智能马桶盖 青春版,即用即热，清洁抗菌，自洁喷嘴...,¥ 799
智米马桶盖过滤器,5um过滤，拦截沙虫，优质PP棉，...,¥ 99
小沐智能马桶盖 除菌过滤器,除菌率99.9%，快速安装接口，手...,¥ 159
小瓦扫地机器人 青春版,1600Pa澎湃吸力，自适应随机算...,¥ 1099
米家扫地机器人虚拟墙,无需用电，长久使用，规避漏扫...,¥ 39
米家扫地机器人主刷罩,密封处理，缓冲胶垫减少损伤，...,¥ 39
米家扫地机器人尘盒滤网,一体成型，更换方便，密封良好...,¥ 39
米家扫地机器人边刷,动态调速边刷，清扫墙边及墙角...,¥ 29
米家扫地机器人主刷,浮动主刷结构，实时贴合地面，...,¥ 39
石头扫地机器人 水箱滤芯,定期更换，去除杂质,¥ 29
石头/小瓦扫地机器人 可水洗滤...,定期更换，有效过滤灰尘,¥ 99
石头/小瓦扫地机器人 边刷,定期更换，让墙边始终如新,¥ 29
石头/小瓦扫地机器人 主刷罩,焕新有周期，时刻可清扫,¥ 39
石头/小瓦扫地机器人 主刷,焕新有周期，清扫更高效,¥ 39
石头/小瓦扫地机器人 虚拟墙,双色虚拟墙，安全清扫空间，由...,¥ 49
石头扫地机器人 拖布,超细纤维，主刷等宽,¥ 39
洒哇地咔无线手持电动擦地机,往复式擦地，强效拖布，轻松操...,¥ 599
洒哇地咔电动擦地机拖布,强效清洁，不易掉毛，轻松更换,¥ 35 起
智米电暖器,对流式加热，通电即热，无感静...,¥ 269
乐秀立式大风量空气循环风扇,激活全屋空气，四面八方自动送...,¥ 499
米家直流变频落地扇,7羽叶设计，模拟自然风算法，智...,¥ 349
智米自然风风扇,还原自然风，内置锂电池，静音...,¥ 599
智米全直流变频空调,一级能效，强劲冷暖，智能控制...,¥ 4399
云米互联网洗烘一体机,16种智能洗涤模式，45分钟快速...,¥ 2599
小吉水珠壁挂洗衣机,95°C高温煮洗，8大洗涤模式，触...,¥ 2499
小吉智能迷你滚筒洗衣机,静音运行，高温煮洗，洗涤  模...,¥ 2099
小米净水器(厨下式),送安装服务，400加仑大流量，R...,¥ 1999
小米净水器 1A （厨下式）,RO反渗透技术，深层净水，400加...,¥ 1499
云米超能净水器,带UV紫外线杀菌的人工智能净水...,¥ 5999
小米净水器（厨上式） 增强版,400加仑大流量，纯水更多，废水...,¥ 1499
小米净水器滤芯 PP棉,拦截5微米以上大颗粒，有效滤除...,¥ 59
小米净水器滤芯 后置活性炭,进口椰壳活性炭，进一步净化水...,¥ 69
小米净水器滤芯 前置活性炭,进口椰壳活性炭，有效吸附异味...,¥ 69
小米净水器滤芯 反渗透,有效滤除抗生素、重金属、细菌...,¥ 499
小米净水器1A复合滤芯,折叠PP，前置炭棒，后置炭棒3合...,¥ 199
小米净水器1A反渗透滤芯（400G）,有效滤除抗生素、重金属、细菌...,¥ 499
净水器PP棉滤芯两件套装,优质PP棉，外松内紧梯度过滤，...,¥ 118
前后置活性炭滤芯套装,有效吸附异味、异色、余氯等，...,¥ 138
净水器PP棉滤芯两年套装,净水器PP棉滤芯两年套装，适用...,¥ 177
净水滤芯方便套装,按时更换，随时保证饮水品质，...,¥ 197
净水滤芯全年套装,按时更换，随时保证饮水品质，...,¥ 256
净水滤芯两年套装,PP棉*3，前置活性炭*1，后置活...,¥ 814
小米米家空气净化器2S,OLED显示屏，激光颗粒传感器，...,¥ 899
米家空气净化器Pro,OLED显示屏幕，激光颗粒物传感...,¥ 1499
米家空气净化器MAX,专业级家用净化器，CADR值高达...,¥ 1999
小米空气净化器2,全新空气增压系统，净化性能高...,¥ 699
空气净化器滤芯,3层高效净化悬浮物、可吸入颗粒...,¥ 149 起
空气净化器滤芯 除甲醛增强版,小米空气净化器、小米空气净化...,¥ 169 起
米家空气净化器滤芯 抗菌版,抗菌率达99%以上，过滤PM2.5细...,¥ 159
智米新风系统 壁挂式,220m³/h大风量提供新氧，防霾防...,¥ 1499
造梦者负离子静音新风机,五层塔式净化，鲜氧充沛，静音...,¥ 4999
造梦者富氧全屋壁挂式新风机,净化甲醛雾霾，五重塔式净化，...,¥ 7999
智米新风系统滤芯,高效过滤PM2.5等细颗粒物，一体...,¥ 199
造梦者静音新风机1110F滤网,定期更换，过滤空气更清新,¥ 80 起
造梦者全屋新风机1300F滤网,定期更换，过滤空气更清新,¥ 90 起
云米互联网冰箱 21Face,AI语音控制，变频压缩机，风冷...,¥ 5999
云米智能法式四门冰箱,462L大容量，10.1寸触摸屏，风...,¥ 4499
小吉迷你复古冰箱light系列,复古配色，121L大容量，-18℃冷...,¥ 999 起
云米互联网智能冰箱iLive,风冷无霜，均匀保鲜，草本杀菌...,¥ 2999
云米草本杀菌除味滤芯,天然草本活性因子，抑制异味，...,¥ 59
心想智能胶囊咖啡机,2种咖啡模式，独立热水功能，多...,¥ 799
云米互联网智能烟机Cross,风随火动，21m³/min大吸力，宽...,¥ 2299
云米互联网智能燃气灶,4200W大火力，230°宽频火力调节...,¥ 799
圈厨24L家用电烤箱,精准控温，循环热风，液晶显示...,¥ 299 直降
云米智能互联烟灶套装,烟灶相互联动，自动排风，火越...,¥ 2699 直降
便携式果蔬料理机,3款随行杯，三重连锁设计，点动...,¥ 179 直降
心想胶囊咖啡机,配套咖啡胶囊已上线，请搜索【...,¥ 499 起
圈厨多功能家用电火锅,360°环形加热，1500W大功率，食...,¥ 239
米家电水壶,快速沸腾，304不锈钢内胆，1.5...,¥ 99
米家恒温电水壶,快速沸腾，水温智能控制，三重...,¥ 199
米家IH电饭煲 3L,IH电磁环绕加热，3000+煮米方案...,¥ 399
米家IH电饭煲 4L,IH电磁环绕加热，大金PFA不粘锅...,¥ 599
米家压力IH电饭煲,压力IH加热技术，灰铸铁内胆,¥ 999
云米互联网洗碗机 8套嵌入式,脉冲洗涤，高温除菌，热风烘干...,¥ 2199 直降
圈厨家用小型绞肉机,高效切碎，双档可选，5重防护，...,¥ 109
米家电磁炉 白色,99挡微调控火，支持低温烹饪，...,¥ 299
name,desc,price
小米电视4A 32英寸,超窄边框/人工智能系统/海量片...,¥ 899 直降
小米电视4C 32英寸,人工智能系统/64位处理器/1GB+...,¥ 899 直降
小米电视4A 32英寸 体育版,金色超窄边框/超强PatchWall人...,¥ 899 直降
小米电视4S 32英寸,超窄边框/人工智能语音遥控/海...,¥ 1099
小米电视4A 40英寸,超窄边框/人工智能语音遥控/海...,¥ 1299 直降
小米电视4A 43英寸青春版,蓝牙语音遥控/海量片源/1G+8G大...,¥ 1499 直降
小米电视 4S 43英寸,真4K屏/人工智能语音/1GB+8GB ...,¥ 1799
小米电视4A 43英寸,人工智能语音/海量片源/2G+8G大...,¥ 1499 直降
小米电视4C 43英寸,超强PatchWall人工智能操作系统...,¥ 1499 直降
小米电视4A 43英寸体育版,金色超窄边框/超强PatchWall人...,¥ 1499 直降
小米电视4S 50英寸,枪灰色金属机身/超窄边框/4K超...,¥ 2399
小米电视4A 49英寸,人工智能语音/海量片源/2G+8G大...,¥ 1799 直降
小米电视4A 50英寸,4K超高清画质/4KHDR/人工智能语...,¥ 1999 直降
小米电视4C 50英寸,纤薄机身/超窄边钢琴烤漆/4K超...,¥ 1999 直降
小米电视4 49英寸,4.9mm超薄/无边框设计/4K超高清...,¥ 3399 直降
小米电视4A 55英寸,极致超窄边框/4K超高清/4KHDR/...,¥ 2499 直降
小米电视4 55英寸,4.9mm超薄/无边框设计/4K超高清...,¥ 3699 直降
小米电视4X 55英寸,4K HDR/超窄边/人工智能语音 /...,¥ 2499 直降
小米电视4S 55英寸曲面,4000R 黄金曲率 / 4KHDR /人工...,¥ 3299
小米电视4C 55英寸,纤薄机身/超窄边钢琴烤漆/4K超...,¥ 2499 直降
小米电视4C 55英寸 体育版,金色超窄边框/4K超高清/4KHDR/...,¥ 2499 直降
小米电视4S 55英寸,枪灰色金属机身/超窄边/4K超高...,¥ 2999
小米电视4 75英寸,11.4mm超薄机身/4K HDR 超高清...,¥ 8999
小米电视4A 65英寸,极致超窄边框/4K超高清/HDR/蓝...,¥ 3999 直降
小米盒子4,人工智能语音机顶盒 控制智能家...,¥ 299 直降
小米盒子4c,第四代小米盒子 存储、体验双升...,¥ 199 直降
小米盒子3c 黑色,4K超高清机顶盒，64位处理器，...,¥ 199 直降
小米盒子3s 黑色,4K超高清机顶盒，64位处理器，...,¥ 299 直降
小米盒子3 增强版,4K网络机顶盒，狠快狠快,¥ 399 直降
米家激光投影电视,超短焦，免布线，150英寸投影尺...,¥ 9999
米家投影仪,物理1080P分辨率/800ANSI流明真...,¥ 3999
极米H1S 家用智能投影,1080P分辨率 哈曼卡顿音响 110...,¥ 3699 直降
极米Z6 智能家用投影,1080P全高清/哈曼卡顿音响/密闭...,¥ 2788 直降
极米无屏电视H2 Slim,高清智能家庭投影仪家用无线WI...,¥ 3799 直降
极米New Z4 Air  商务便携投影...,便携手机投影仪家用3D无屏电视...,¥ 2289 直降
极米Z5家用智能投影,高清分辨率 1000流明 HDR画质补...,¥ 2999
峰米激光电视抗光屏 100英寸,激光电视专用抗光屏/100英寸,¥ 6899
艾洛维分体式智能投影Me2,无线充电 1100流明亮度 MIUI T...,¥ 4699
极米CC便携智能投影,小巧便携，多场景娱乐伴侣,¥ 2689 直降
imea儿童智能护眼投影仪,视力防护体系，儿童专属内容，...,¥ 1249 直降
小米小爱音箱mini,能听会说的人工智能音箱/3500万...,¥ 159 直降
小米电视音响,设计简洁时尚/声音真实动听[8个...,¥ 399
小米小钢炮蓝牙音箱2,极简设计，专业喇叭，约7小时续...,¥ 129
小米方盒子蓝牙音箱2,高清音质，轻巧便携，蓝牙4.2，...,¥ 129
小米AI音箱,"人机交互,听音乐,语音遥控家电...",¥ 299
小米随身蓝牙音箱,玲珑身材，不同凡响，轻巧随身...,¥ 69
小米蓝牙音箱,仅铅笔盒大小，近万首歌随身带,¥ 199
小米米兔音箱,天然萌的音乐小玩具，蓝牙4.0链...,¥ 99
雷石KTV专业无线麦克,高灵敏动圈麦头，三核DSP芯片，...,¥ 599
小米家庭影院,360°立体环绕声，支持卡拉OK，...,¥ 2099
山灵M0无损音乐播放器,"便携小巧，高清触摸屏,15h超长...",¥ 598
峰米快门式3D眼镜,高清画质，健康不眩晕/炫酷外观...,¥ 139
米家四位四控插线板（含3口USB...,四位分控 / 随用随开 / 满足更...,¥ 89
青米插线板（三孔位）,三位国标组合插线板，过载断电...,¥ 35 起
H-Stand 耳机支架,几何造型设计/稳定易放置/坚固...,¥ 69
小米运动蓝牙耳机,IPX生活级防水，7小时播放，防...,¥ 129 直降
小米运动蓝牙耳机mini,快速唤醒小爱语音助手，IPX4级...,¥ 169
咕咚智能心率耳机Quiet,实时心率 / 舒适降噪 / 醇厚音...,¥ 299
小米蓝牙项圈耳机,项圈式设计/轻量化亲肤材质/ap...,¥ 299
QCY迷你蓝牙耳机,舒适佩戴，微型机身，轻巧重量...,¥ 49 直降
小米活塞耳机 清新版,铝合金音腔，第三代平衡阻尼系...,¥ 29
小米头戴式蓝牙耳机,4.1蓝牙技术/aptX 无损传输/40...,¥ 299
COOWOO车载蓝牙耳机,耳机车充二合一，自动接听，高...,¥ 129
1MORE 好声音入耳式耳机,智能线控，双共振腔震撼低音，...,¥ 129
1MORE iBfree蓝牙耳机,炫彩型动，乐享自由，高清而逼...,¥ 249
1MORE运动蓝牙耳机,聆听自由，随型跃动，享受CD级...,¥ 399
小米游戏耳机,7.1虚拟环绕立体声引擎／LED 炫...,¥ 349
小米圈铁耳机2,全面升级，让声音更有质感，高...,¥ 99
H-Stand 耳机支架,几何造型设计/稳定易放置/坚固...,¥ 69
小米圈铁耳机Pro,双动圈+动铁，三单元发声，均衡...,¥ 149
小米降噪耳机,双动圈+动铁声学架构 / 独创降...,¥ 299
小米双单元半入耳式耳机,半入耳式舒适佩戴 / 动圈+陶瓷...,¥ 69
小米蓝牙耳机青春版,蓝牙4.1连接，高清通话音质，6...,¥ 59
小米头戴式耳机 轻松版,洁净外观设计，封闭式音腔，舒...,¥ 199
小米降噪耳机Type-C版,USB Type-C 接口,¥ 299
小米头戴式耳机,石墨烯发声振膜，被动低频辐射...,¥ 499
1MORE胶囊圈铁耳机,四次格莱美奖音乐大师定调,¥ 499
1MORE Spearhead VR电竞头戴式...,7.1 虚拟环绕立体声系统/50mm ...,¥ 699
1MORE 三单元圈铁耳机,Hi-Res Audio认证，单动圈+双动...,¥ 599
1MORE 四单元圈铁耳机,【新品】动铁三单元+单动圈结构...,¥ 1299
name,desc,price
米家智能家庭礼品装,超值套装，别出心裁之礼。,¥ 329
Aqara智能卧室套装,一键控制灯和电器,¥ 779
小米米家智能摄像机,1080P全高清画质 ／ 130度超广...,¥ 129
唯码机电一体智能锁芯,机械+芯片双重认证，钥匙分人管...,¥ 399
小米米家智能摄像机云台版,1080P高清画质，360° 云台视角...,¥ 199
榉树智能指纹锁-安全转盘版,活体指纹识别，安全密码转盘，...,¥ 1599
小方智能摄像机1S,红外夜视，延时摄影，手机直连...,¥ 99
夏洛克智能贴锁,免拆锁一贴即用，App近程开关锁,¥ 399
鹿客智能指纹锁Classic,活体指纹识别，隐藏式设计，联...,¥ 1699
米家智能摄像机云台版,全方位侦测，守护家的每一面,¥ 199
米家小白智能摄像机,自带AI系统，语音控制家中设备...,¥ 399
米家智能摄像机,1080P全高清，分区分级智能侦测...,¥ 199
大方智能摄像机,1080P高清双云台,¥ 149
小方智能摄像机,1080P分辨率，红外夜视，延时摄...,¥ 99 直降
米家门窗传感器,让家中每扇门窗都能智能感知,¥ 49
小白智能摄像机大众版,高清看护，红外夜视，双向对讲...,¥ 99 直降
天然气报警器,"公安部认证,远程报警,联动排风...",¥ 199
烟雾报警器,CCCF认证，远程报警，渐进音报...,¥ 149
小方智能摄像机2只装,两台小方智能摄像机组合使用，...,¥ 258
Aqara魔方控制器,6种控制动作，智能联动控制，精...,¥ 79
Aqara无线开关（升级版）,自定义开关智能设备，以一当四...,¥ 79
Aqara空调伴侣（升级版）,App远程控制，智能插座模式，智...,¥ 199
Aqara窗帘电机（ZigBee开合帘版...,一键开关窗帘，定时设置，联动...,¥ 599 起
米家蓝牙温湿度计,可联动智能设备自动控制空调和...,¥ 69
Aqara水浸传感器,同步报警，联动关闭,¥ 99
米家多功能网关,网络电台直播，1600万色夜灯，...,¥ 149
Aqara人体传感器,识别移动，增加光照度感应。,¥ 89
米家人体传感器,探测人体移动，多种摆放方式，...,¥ 59
Aqara温湿度传感器,比第一代增加了气压监测！,¥ 79
米家温湿度传感器,智能电器联动，温湿度异常提醒...,¥ 49
米家空调伴侣,自带网关功能，远程控制，功率...,¥ 169
小米万能遥控器,一键控制多个红外遥控器家电,¥ 79
米家PM2.5检测仪,高精度激光传感器，一体黑OLED...,¥ 399
小米路由器4Q,MiNET 一键快连智能设备 ／ 高...,¥ 99
小米路由器4,光纤级千兆智能路由器，MiNet一...,¥ 199
小米路由器Pro,金属机身，4x4全向性天线，支持...,¥ 499
小米路由器3,全新四天线设计，更快更强,¥ 149
小米WiFi电力猫,有插座的地方，就有WiFi,¥ 249
小米WiFi放大器Pro,轻松扩展WiFi信号,¥ 79
ZMI随身路由器,三网通用，7800mAh大电量可当移...,¥ 349
小米路由器HD,内置硬盘，金属机身，4x4全向性...,¥ 1299 起
小米WIFI电力猫（白色单只版）,有插座的地方就有wifi,¥ 169
小米WiFi放大器 2,速率翻倍，配对简单，覆盖更广...,¥ 49
小米路由器3c,四天线设计，信号更强，覆盖更广,¥ 99
小米路由器 3G,双核双千兆，光纤级旗舰路由器,¥ 249
小米路由器 3A,高增益4天线 安全防蹭网,¥ 139
米家插线板,儿童安全保护门 / 极简纤巧设计...,¥ 24 起 直降
米家四位四控插线板（含3口USB...,四位分控 / 随用随开 / 满足更...,¥ 89
米家智能插座增强版,双USB接口、远程控制、定时开关...,¥ 79
Aqara智能墙壁开关,轻松升级，无需更换原有灯具即...,¥ 139 起
Aqara智能无线开关,搭配网关，自定义控制家庭智能...,¥ 89 起
米家无线开关,迷你轻巧，智能控制设备，高品...,¥ 39
米家智能插座 基础版,手机远程控制，让普通电器变智...,¥ 59
米家智能插座(ZigBee版),功率检测，电量统计，过载保护...,¥ 69
Aqara智能墙壁插座,定时开关，电量统计，独立安全...,¥ 149
青米插线板（三孔位）,三位国标组合插线板，过载断电...,¥ 35 起
青米智能插线板（5位国标组合插...,远程智动，自动核算电费，定时...,¥ 89
青米智能插线板（含3口USB 2A快...,含3个USB 5V2A快充接口 / 远程...,¥ 99
米家插线板6位基础版（含3口US...,新国标1mm²线材，3个USB充电口...,¥ 79
米家智能插线板,远程控制 定时开关 智能省电,¥ 69
计客超级魔方,边玩边学会，App实时同步，六轴...,¥ 149
极印手机照片打印机专用相纸（...,一体式设计，日本原装相纸，持...,¥ 109
猫盘 共享智能硬盘 2TB,多人共用，个人私密空间，本地...,¥ 799
魔芋AI翻译机,微软翻译引擎，14种语言互译，...,¥ 239 直降
猫盘 共享智能硬盘 1TB,随时随地保存和查看文件，专属...,¥ 499
极印手机照片打印机,AR照片，1670万色，蓝牙打印，...,¥ 499
飞智黑武士X8pro游戏手柄,瞄得准压枪稳,¥ 199
Populele智能尤克里里 猫咪款,创新设计，猫咪造型，至臻品质...,¥ 499
小米VR眼镜,内置独立运动传感器，硬件级加...,¥ 299
小米无人机4K版套装,"高精度三轴云台,4KM高清图传,双...",¥ 2999
Populele智能尤克里里 U1,游戏闯关，跟灯弹奏，随性弹唱...,¥ 499
小米VR眼镜PLAY2,舞龙布新材质，开放式手机舱，...,¥ 99
花花草草监测仪,光温水肥全面监测，手机植物数...,¥ 49
小米水质TDS检测笔,准确检测家中水质纯度,¥ 39
小米无人机无线连接器,"一插即用,更便捷,更稳定",¥ 69
小米无人机电池（零售版）,"5100mAh大电量,抽屉式电池,8重...",¥ 499
小米无人机快拆式螺旋桨4K版,"ARA-D 航空专用螺旋桨翼型,易上...",¥ 49
小米无人机保护架,"专为小米无人机设计,有效保护螺...",¥ 39
小米无人机配件,小米无人机电池、螺旋桨、保护架,¥ 39
小默AI相机,自拍全身照，合影不求人，智能...,¥ 399
MADV Mini 全景相机,打开你的全新摄影世界,¥ 599
米家全景相机套装,2388万有效像素，3.5K视频录制...,¥ 1699
米家小相机,超大广角，6轴电子防抖，小巧便...,¥ 699
小蚁微单相机M1标准变焦套机,多模式选择，易操作的高画质微...,¥ 2199
小蚁微单相机M1双头装,标准+人像双镜头，即时分享， ...,¥ 2999
米家小相机手持云台,流畅稳定，动静自如！,¥ 699
米家小相机自拍杆,独立式蓝牙遥控器，集自拍杆、...,¥ 89
小蚁微单相机M1双镜头套机（皓...,稀缺白色，姗姗来迟，优雅上线。,¥ 2999
小蚁微单相机M1,多模式选择，易操作的高画质微...,¥ 2199
小米云台相机,与九号平衡车Plus完美适配,¥ 1499
米家小相机防水壳,IP68级防水，无惧环境挑战！,¥ 99
米家小相机 电池,体积小巧，1450mAh 大容量,¥ 49
小蚁人像微距二合一镜头,超大光圈，人像微距全搞定，兼...,¥ 998
米家手持手机云台,延时摄影/智能跟随/持久续航/三...,¥ 599
小米手环3,微信、QQ来电等消息内容直接显...,¥ 169
TicWatch Pro智能手表,谷歌原生系统，30天续航，支付...,¥ 1499
Amazfit智能运动手表2,水 ，铁人三项 ，最大摄氧量评...,¥ 999
Amazfit Cor手环（猎豹黑）,你所期待的来了！,¥ 299
Amazfit Cor手环（海豚灰）,时尚新宠儿,¥ 329
Amazfit 运动手表,蓝牙听歌，GPS 实时轨迹，运动...,¥ 799
小米手环2 黑色,看得见的时刻和你的每一步,¥ 149
手环2腕带套装,炫彩动感每一天！（包含小米手...,¥ 163 直降
TicWatch E 智能手表,全能穿戴新焦点,¥ 1199
Amazfit手环,精确睡眠管理，智慧震动闹钟，...,¥ 199 直降
小米手环2腕带,亲肤透气，舒适佩戴，防丢设计,¥ 19 直降
小米手环2专用充电器,镀金充电触点，安全无毒TPE材质...,¥ 9 直降
小米手环3专用充电线,方便携带 / 专用充电线,¥ 9 直降
手环2腕带套装,炫彩动感每一天！（包含小米手...,¥ 163 直降
Amazfit 运动手表,蓝牙听歌，GPS 实时轨迹，运动...,¥ 799
小米手环2 黑色,看得见的时刻和你的每一步,¥ 149
小米手环2腕带,亲肤透气，舒适佩戴，防丢设计,¥ 19 直降
小米手环2专用充电器,镀金充电触点，安全无毒TPE材质...,¥ 9 直降
Amazfit手环,精确睡眠管理，智慧震动闹钟，...,¥ 199 直降
name,desc,price
小米平板4,单手可握的8.0''屏幕 / 骁龙66...,¥ 1099 起
小米游戏本15.6英寸,性能怪兽/[冷酷]散热系统/一链...,¥ 5999 起
"小米笔记本Air  12.5""  M3  4G...",轻薄全金属机身 / 超长续航，支...,¥ 3999
"小米笔记本Air  12.5""  128G...",轻薄全金属机身 / 超长续航，支...,¥ 3599
小米笔记本Pro15.6'' i7 16G,i7-8550U 16G 256GSSD MX150 2...,¥ 6999
小米笔记本Pro15.6'' i5 8G,i5-8250U/8G MX150 2G独显/256...,¥ 5599
"小米笔记本Air13.3"" 四核",四核增强版 /带独立显卡的轻薄...,¥ 4999 起
"小米笔记本Air13.3"" 独显 i5版...",NVIDIA MX150 2G独显 / 轻薄全...,¥ 5199
"小米笔记本Air13.3"" 独显 i7版...",NVIDIA MX150 2G独显 / 轻薄全...,¥ 5999
"小米笔记本Air13.3"" 集显 8G版...",256GB SSD / 第七代 Intel 酷睿...,¥ 4999
米物智能鼠标垫,支持Qi无线充电 适用小米MIX 2...,¥ 249
L-Stand笔记本电脑支架,高效散热/简约设计/稳固支撑/改...,¥ 49
VH“悠”便携式手持风扇,7羽叶设计/无刷马达/小巧便携/...,¥ 49
Spider 显示器支架,优化空间/一体成型/超强承重/极...,¥ 168 起 直降
手机及平板桌面支架,稳固不摇晃，优质航空铝材，释...,¥ 39
Edin笔记本立式支架,铝合金材质/宽度可调/蜂窝式硅...,¥ 199 直降
笔记本电脑支架,人体工学设计，合理视角，稳固...,¥ 129
VH “羽”USB双叶风扇,智能触控开关，二档调节，灵活...,¥ 68
小米电源线收纳盒,防尘，绝缘，插线板专用，桌面...,¥ 49
VH“及”无线充电器,安全快充，支持QC/QI，强大兼容,¥ 89 起
米家插线板,儿童安全保护门 / 极简纤巧设计...,¥ 24 起 直降
米家二位转换器,双国标组合插孔 / 双USB充电口...,¥ 19 起 直降
青米插线板（三孔位）,三位国标组合插线板，过载断电...,¥ 35 起
青米智能插线板（5位国标组合插...,远程智动，自动核算电费，定时...,¥ 89
青米智能插线板（含3口USB 2A快...,含3个USB 5V2A快充接口 / 远程...,¥ 99
米家插线板6位基础版（含3口US...,新国标1mm²线材，3个USB充电口...,¥ 79
米家四位四控插线板（含3口USB...,四位分控 / 随用随开 / 满足更...,¥ 89
米家智能插线板,远程控制 定时开关 智能省电,¥ 69
小米插线板 5孔位,插线板中的的艺术品，安全可靠,¥ 39
小米插线板（含3口USB 2A快充）,"3个USB充电口,支持2A快充",¥ 49
小米游戏鼠标,有线or无线双模切换/7200DPI光...,¥ 249
米物智能鼠标垫,支持Qi无线充电 适用小米MIX 2...,¥ 249
炽魂游戏机械键盘,Cherry MX机械轴，Backlit动态...,¥ 599 直降
全景光效专业电竞鼠标,欧姆龙游戏微动，12000DPI ，约...,¥ 499
指思智能指纹鼠标,微软安全认证，快速识别，高识...,¥ 249
米物电竞鼠标垫,竞赛级PC表面 / 吸盘式橡胶底垫...,¥ 49
小米无线鼠标青春版,握感舒适/轻巧省力/材质安全/1...,¥ 49
小米便携鼠标,阳极氧化铝合金外壳+ABS材质 /...,¥ 94 直降
小米无线鼠标,2.4G，高速传输，1200dpi精准定...,¥ 64 直降
流彩光效专业电竞鼠标,7200DPI / 专业游戏微动 / 约1...,¥ 349
悦米机械键盘,87键，铝合金机身，TTC红轴，简...,¥ 269 直降
悦米机械键盘Pro,铝合金CNC精密机身，Cherry红轴...,¥ 699
悦米机械键盘Pro静音版,CNC全铝机身，精致由内到外 ／...,¥ 599
小米超大防水鼠标垫,超大尺寸，功能升级,¥ 34 直降
小米金属鼠标垫,简约、纤薄、时尚 / 航空铝合金...,¥ 49 起
多口USB电源适配器,五口快充，可为笔记本充电，告...,¥ 169
青米3口USB电源适配器,3口USB，2A安全充电，多重保护,¥ 49
ZMI 无线充电器（套装版）,包含适配器、数据线 / 多协议快...,¥ 129
USB-C至VGA 千兆网口多功能转接...,多功能五口合一 / 2K@60Hz高清...,¥ 169 直降
USB-C至Mini DisplayPort多功能...,4K/60Hz 超高清输出，USB-C PD...,¥ 149
USB-C至HDMI多功能转接器,一举多得的转接器，让你的笔记...,¥ 129 直降
USB3.0至千兆网口多功能转接器,以一敌四 / 高效办公好搭档,¥ 129
小米 Type-C to AUDIO转接线...,优质材质 ／ 精湛工艺 ／ 轻巧...,¥ 9 直降
小米USB-C电源适配器（65W）,多协议快充/可折叠插脚,¥ 129
小米USB充电器36W 快充版（2口...,双USB输出接口 / 支持QC3.0快充...,¥ 59
小米USB充电器快充版（18W） 白...,支持苹果/安卓 美观耐用,¥ 29 直降
小米USB充电器60W快充版（6口）,6口输出 / USB-C输出接口 / 支...,¥ 129
小米USB充电器（10W） 白色,美观精致  小巧便携,¥ 19 直降
小米无线充电器,快速充电 / 轻巧便携 / 智能安...,¥ 99
小米USB充电器（4口）,4个USB口，2A快充，多重安保,¥ 59 直降
小米USB充电器（2口）,兼容 QC 3.0 的双口充电器/ 快...,¥ 39 直降
小米 USB-C 电源适配器 45W,PD2.0 协议 / 精致小巧 / 可为...,¥ 94 直降
凯芙拉编织苹果数据线,MFI认证，花色编织，凯芙拉抗拉...,¥ 49
早风三合一数据线,超多设备支持 苹果官方MFi认证...,¥ 59
早风二合一数据线,苹果MFi认证，出行携带方便，强...,¥ 39
ZMI USB-C编织线,耐磨编织线，夜视灯光，便携扎...,¥ 24.9 起
小米TYPE-C快速充电数据线,正反插拔 ，1200mm线长， 支持...,¥ 16 直降
小米二合一数据线30cm,Type-C / Micro USB / 支持快充...,¥ 19 直降
ZMI苹果编织线,MFi认证 / 磁吸配件 / 适用于苹...,¥ 49 直降
ZMI USB-C 光环编织数据线,耐磨编织线 / 夜视光环 / 磁吸...,¥ 29 直降
小米USB-C数据线 编织线版,高强度纤维编织线体 / 一体化接...,¥ 19.9
name,desc,price
小米Max3,"6.9""全面屏，5500mAh大电量，支...",¥ 1699 起
小米8,双频GPS / 骁龙845处理器 / 红...,¥ 2699 起
小米8 SE,骁龙710处理器 / AI 超感光双摄...,¥ 1799 起
小米MIX 2S,骁龙845 旗舰处理器 / AI 超感...,¥ 3199 起 直降
小米6X,前后2000万像素 / 骁龙660处理...,¥ 1599 起
黑鲨游戏手机,骁龙845旗舰处理器 / 液冷散热...,¥ 2999 起
小米MIX2,四曲面陶瓷机身 / 骁龙835处理...,¥ 2599 起 直降
小米Max 2,6.44''大屏 5300mAh大电量 支持...,¥ 999 起 直降
小米MIX2 Unibody全陶瓷,Unibody全陶瓷机身 / 骁龙835处...,¥ 3199 直降
红米6 Pro,"5.84""全面屏 / AI双摄 / 骁龙6...",¥ 999 起
红米6,后置1200万 AI双摄 / 12nm八核...,¥ 799 起
红米6A,"12nm高性能处理器 / 5.45"" 小巧...",¥ 599 起
红米Note 5,4000mAh大电量 支持快充 / 人脸...,¥ 999 起 直降
红米S2,"""小爱同学""语音助理 / 5.99"" 1...",¥ 999 起
红米5 Plus,"5.99"" 18:9全面屏 / 4000mAh大...",¥ 899 起 直降
红米5,"5.7""18:9全面屏 / 3300mAh大电...",¥ 799 起
name,desc,price
VH“悠”便携式手持风扇,7羽叶设计/无刷马达/小巧便携/...,¥ 49
米物智能鼠标垫,支持Qi无线充电 适用小米MIX 2...,¥ 249
TITA临时停车牌,号码随心换/可隐藏设计/软性硅...,¥ 39
傲风有品定制电竞椅,加厚海绵坐垫 四级防爆气压杆 ...,¥ 999
L-Stand笔记本电脑支架,高效散热/简约设计/稳固支撑/改...,¥ 49
米物电竞鼠标垫,竞赛级PC表面 / 吸盘式橡胶底垫...,¥ 49
手机及平板桌面支架,稳固不摇晃，优质航空铝材，释...,¥ 39
指思智能指纹鼠标,微软安全认证，快速识别，高识...,¥ 249
笔记本电脑支架,人体工学设计，合理视角，稳固...,¥ 129
Spider 显示器支架,优化空间/一体成型/超强承重/极...,¥ 168 起 直降
H-Stand 耳机支架,几何造型设计/稳定易放置/坚固...,¥ 69
Edin笔记本立式支架,铝合金材质/宽度可调/蜂窝式硅...,¥ 199 直降
VH “羽”USB双叶风扇,智能触控开关，二档调节，灵活...,¥ 68
悦米机械键盘Pro静音版,CNC全铝机身，精致由内到外 ／...,¥ 599
悦米机械键盘,87键，铝合金机身，TTC红轴，简...,¥ 269 直降
悦米机械键盘Pro,铝合金CNC精密机身，Cherry红轴...,¥ 699
临时停车牌,磁吸数字贴片/分隔符设计/专用...,¥ 49
小米无线鼠标青春版,握感舒适/轻巧省力/材质安全/1...,¥ 49
小米无线鼠标,2.4G，高速传输，1200dpi精准定...,¥ 64 直降
小米便携鼠标,阳极氧化铝合金外壳+ABS材质 /...,¥ 94 直降
小米超大防水鼠标垫,超大尺寸，功能升级,¥ 34 直降
小米金属鼠标垫,简约、纤薄、时尚 / 航空铝合金...,¥ 49 起
小米电源线收纳盒,防尘，绝缘，插线板专用，桌面...,¥ 49
小米 USB-C 电源适配器 45W,PD2.0 协议 / 精致小巧 / 可为...,¥ 94 直降
小米USB充电器60W快充版（6口）,6口输出 / USB-C输出接口 / 支...,¥ 129
米物智能鼠标垫,支持Qi无线充电 适用小米MIX 2...,¥ 249
ZMI 无线充电器（套装版）,包含适配器、数据线 / 多协议快...,¥ 129
车载磁吸手机支架,稳固防滑，磁力吸附，360度旋转,¥ 49
早风三合一数据线,超多设备支持 苹果官方MFi认证...,¥ 59
ZMI USB-C编织线,耐磨编织线，夜视灯光，便携扎...,¥ 24.9 起
凯芙拉编织苹果数据线,MFI认证，花色编织，凯芙拉抗拉...,¥ 49
米家手持手机云台,延时摄影/智能跟随/持久续航/三...,¥ 599
手机及平板桌面支架,稳固不摇晃，优质航空铝材，释...,¥ 39
早风二合一数据线,苹果MFi认证，出行携带方便，强...,¥ 39
VH“及”无线充电器,安全快充，支持QC/QI，强大兼容,¥ 89 起
iPhone超薄空气保护壳（双色装）,360°全包裹，超轻超薄，磨砂质感,¥ 29
液态硅胶磁吸苹果手机壳,适用于iPhone 6/6s/7， iphone...,¥ 69 起
iPhone X液态硅胶保护壳,丝滑般手感/高档超纤里料/防摔...,¥ 69
小米无线充电器,快速充电 / 轻巧便携 / 智能安...,¥ 99
iPhone防蓝光钢化玻璃膜,适用于iPhone 6/6s/7/8 iPhone...,¥ 29 起
iPhone高清钢化玻璃膜,适用于iPhone 6/6s/7/8 iPhone...,¥ 19
小米USB充电器快充版（18W） 白...,支持苹果/安卓 美观耐用,¥ 29 直降
小米USB充电器（10W） 白色,美观精致  小巧便携,¥ 19 直降
小米USB充电器（4口）,4个USB口，2A快充，多重安保,¥ 59 直降
小米USB充电器（2口）,兼容 QC 3.0 的双口充电器/ 快...,¥ 39 直降
小米 USB-C 电源适配器 45W,PD2.0 协议 / 精致小巧 / 可为...,¥ 94 直降
悦米自拍补光灯,均匀补光/三级调光/极简设计/贴...,¥ 29
手机防水袋,封闭防水 / 可触屏可拍照 / 高...,¥ 29
小米二合一数据线30cm,Type-C / Micro USB / 支持快充...,¥ 19 直降
ZMI苹果编织线,MFi认证 / 磁吸配件 / 适用于苹...,¥ 49 直降
小米TYPE-C快速充电数据线,正反插拔 ，1200mm线长， 支持...,¥ 16 直降
小米USB-C数据线 编织线版,高强度纤维编织线体 / 一体化接...,¥ 19.9
ZMI USB-C 光环编织数据线,耐磨编织线 / 夜视光环 / 磁吸...,¥ 29 直降
小米自拍杆（线控版）,采用3.5mm音频线控制，无需连接...,¥ 49
小米蓝牙自拍杆,一键拍照 / 支架270°旋转 / 一...,¥ 79
小米支架式自拍杆,360°可旋转手机支架 / 独立式蓝...,¥ 89
米家小相机自拍杆,独立式蓝牙遥控器，集自拍杆、...,¥ 89
SanDisk 16GB存储卡（98MB/s）,读取速度高达98MB/s，全面兼容...,¥ 54 直降
SanDisk 32GB存储卡（100MB/s）,传输速度高达100MB/s，可用于拍...,¥ 129
黑鲨游戏手柄,轻薄携带 轻松拆卸 ／ 两个按键...,¥ 179
小米运动蓝牙耳机,IPX生活级防水，7小时播放，防...,¥ 129 直降
小米运动蓝牙耳机mini,快速唤醒小爱语音助手，IPX4级...,¥ 169
咕咚智能心率耳机Quiet,实时心率 / 舒适降噪 / 醇厚音...,¥ 299
小米蓝牙项圈耳机,项圈式设计/轻量化亲肤材质/ap...,¥ 299
QCY迷你蓝牙耳机,舒适佩戴，微型机身，轻巧重量...,¥ 49 直降
H-Stand 耳机支架,几何造型设计/稳定易放置/坚固...,¥ 69
小米活塞耳机 清新版,铝合金音腔，第三代平衡阻尼系...,¥ 29
COOWOO车载蓝牙耳机,耳机车充二合一，自动接听，高...,¥ 129
1MORE 好声音入耳式耳机,智能线控，双共振腔震撼低音，...,¥ 129
1MORE iBfree蓝牙耳机,炫彩型动，乐享自由，高清而逼...,¥ 249
1MORE运动蓝牙耳机,聆听自由，随型跃动，享受CD级...,¥ 399
小米头戴式蓝牙耳机,4.1蓝牙技术/aptX 无损传输/40...,¥ 299
小米圈铁耳机2,全面升级，让声音更有质感，高...,¥ 99
小米双单元半入耳式耳机,半入耳式舒适佩戴 / 动圈+陶瓷...,¥ 69
小米降噪耳机,双动圈+动铁声学架构 / 独创降...,¥ 299
小米游戏耳机,7.1 虚拟环绕立体声引擎/ LED ...,¥ 349
小米圈铁耳机Pro,双动圈+动铁，三单元发声，均衡...,¥ 149
小米蓝牙耳机青春版,蓝牙4.1连接，高清通话音质，6...,¥ 59
小米降噪耳机Type-C版,USB Type-C 接口,¥ 299
小米头戴式耳机,石墨烯发声振膜，被动低频辐射...,¥ 499
小米头戴式耳机 轻松版,洁净外观设计，封闭式音腔，舒...,¥ 199
1More 头戴式耳机,格莱美奖音乐大师定调，塑钢钛...,¥ 299
1MORE Spearhead VR电竞头戴式...,7.1 虚拟环绕立体声系统/50mm ...,¥ 699
1MORE胶囊圈铁耳机,四次格莱美奖音乐大师定调,¥ 499
1MORE 三单元圈铁耳机,Hi-Res Audio认证，单动圈+双动...,¥ 599
1MORE 四单元圈铁耳机,【新品】动铁三单元+单动圈结构...,¥ 1299
小米蓝牙音频接收器 通用版,专业耳放芯片，自带电池即插即...,¥ 99
ZMI 镍氢充电电池系列,可购买充电器，5号电池，7号电池,¥ 39
ZMI Type-C 双向快充移动电源...,10000mAh聚合物电芯，自主研发...,¥ 99
小米无线充电器,快速充电 / 轻巧便携 / 智能安...,¥ 99
ZMI 无线充电器（套装版）,包含适配器、数据线 / 多协议快...,¥ 129
小米USB充电器60W快充版（6口）,6口输出 / USB-C输出接口 / 支...,¥ 129
小米USB充电器36W 快充版（2口...,双USB输出接口 / 支持QC3.0快充...,¥ 59
小米USB充电器（4口）,4个USB口，2A快充，多重安保,¥ 59 直降
VH“及”无线充电器,安全快充，支持QC/QI，强大兼容,¥ 89 起
ZMI双向快充移动电源,5000mAh双向快充，113克轻巧便...,¥ 69
彩虹5号电池,日立Maxell，电池核芯，无毒无汞,¥ 9 直降
彩虹7号电池,电量充足，无毒无汞，颜值爆表,¥ 9 直降
FOXIO 口红充电宝,玲珑小巧/质感超群/时尚随身/边...,¥ 129
新10000mAh小米移动电源2,双USB接口输出 / 双向快充 / 锂...,¥ 79
小米移动电源2C 20000mAh,大容量 / 双USB输出 / 高品质锂...,¥ 129
小米移动电源10000mAh高配版,双向快充，仅12.58mm薄,¥ 149
小米移动电源2 (5000mAh版),锂聚合物电芯 / 铝合金金属壳体...,¥ 49
小米USB充电器快充版（18W） 白...,支持苹果/安卓 美观耐用,¥ 29 直降
小米USB充电器（10W） 白色,美观精致  小巧便携,¥ 19 直降
20000mAh小米移动电源2,大容量，双向快充，双USB输出，...,¥ 149
ZMI 太空移动电源,镜面不锈钢壳体，多快充协议，...,¥ 299
ZMI双模智能充电器+充电宝,一个设备，多种用途/5000mAh充...,¥ 109
早风三合一数据线,超多设备支持 苹果官方MFi认证...,¥ 59
凯芙拉编织苹果数据线,MFI认证，花色编织，凯芙拉抗拉...,¥ 49
ZMI USB-C编织线,耐磨编织线，夜视灯光，便携扎...,¥ 24.9 起
TUP2磁吸收纳线夹,高兼容度夹扣/实用磁吸底座/原...,¥ 25
早风二合一数据线,苹果MFi认证，出行携带方便，强...,¥ 39
多口USB电源适配器,五口快充，可为笔记本充电，告...,¥ 169
青米3口USB电源适配器,3口USB，2A安全充电，多重保护,¥ 49
USB3.0至千兆网口多功能转接器,以一敌四 / 高效办公好搭档,¥ 129
小米USB充电器36W 快充版（2口...,双USB输出接口 / 支持QC3.0快充...,¥ 59
小米USB充电器60W快充版（6口）,6口输出 / USB-C输出接口 / 支...,¥ 129
小米USB-C电源适配器（65W）,多协议快充/可折叠插脚,¥ 129
小米USB充电器（4口）,4个USB口，2A快充，多重安保,¥ 59 直降
小米 USB-C 电源适配器 45W,PD2.0 协议 / 精致小巧 / 可为...,¥ 94 直降
小米 Type-C to AUDIO转接线...,优质材质 ／ 精湛工艺 ／ 轻巧...,¥ 9 直降
USB-C至Mini DisplayPort多功能...,4K/60Hz 超高清输出，USB-C PD...,¥ 149
USB-C至VGA 千兆网口多功能转接...,多功能五口合一 / 2K@60Hz高清...,¥ 169 直降
小米二合一数据线30cm,Type-C / Micro USB / 支持快充...,¥ 19 直降
ZMI苹果编织线,MFi认证 / 磁吸配件 / 适用于苹...,¥ 49 直降
ZMI USB-C 光环编织数据线,耐磨编织线 / 夜视光环 / 磁吸...,¥ 29 直降
小米TYPE-C快速充电数据线,正反插拔 ，1200mm线长， 支持...,¥ 16 直降
小米 USB type C数据线,工艺精湛 经久耐用/环保材质 品...,¥ 14 直降
小米USB-C数据线 编织线版,高强度纤维编织线体 / 一体化接...,¥ 19.9
USB Type-C 转接头,原装正品，普通数据线也可以为...,¥ 5
小米自拍杆（线控版）,采用3.5mm音频线控制，无需连接...,¥ 49
小米蓝牙自拍杆,一键拍照 / 支架270°旋转 / 一...,¥ 79
米家插线板,儿童安全保护门 / 极简纤巧设计...,¥ 24 起 直降
米家二位转换器,双国标组合插孔 / 双USB充电口...,¥ 19 起 直降
青米智能插线板（5位国标组合插...,远程智动，自动核算电费，定时...,¥ 89
青米插线板（三孔位）,三位国标组合插线板，过载断电...,¥ 35 起
青米智能插线板（含3口USB 2A快...,含3个USB 5V2A快充接口 / 远程...,¥ 99
小米插线板（含3口USB 2A快充）,"3个USB充电口,支持2A快充",¥ 49
米家四位四控插线板（含3口USB...,四位分控 / 随用随开 / 满足更...,¥ 89
米家插线板6位基础版（含3口US...,新国标1mm²线材，3个USB充电口...,¥ 79
米家智能插线板,远程控制 定时开关 智能省电,¥ 69
小米电源线收纳盒,防尘，绝缘，插线板专用，桌面...,¥ 49
傲风有品定制电竞椅,加厚海绵坐垫 四级防爆气压杆 ...,¥ 999
米物智能鼠标垫,支持Qi无线充电 适用小米MIX 2...,¥ 249
炽魂游戏机械键盘,Cherry MX机械轴，Backlit动态...,¥ 599 直降
米物电竞鼠标垫,竞赛级PC表面 / 吸盘式橡胶底垫...,¥ 49
全景光效专业电竞鼠标,欧姆龙游戏微动，12000DPI ，约...,¥ 499
小米游戏耳机,7.1虚拟环绕立体声引擎／LED 炫...,¥ 349
小米游戏鼠标,有线or无线双模切换/7200DPI光...,¥ 249
流彩光效专业电竞鼠标,7200DPI / 专业游戏微动 / 约1...,¥ 349
1MORE Spearhead VR电竞头戴式...,7.1 虚拟环绕立体声系统/50mm ...,¥ 699
小米游戏本15.6英寸,性能怪兽/[冷酷]散热系统/一链...,¥ 5999 起
小米小爱音箱mini,能听会说的人工智能音箱/3500万...,¥ 159 直降
小米AI音箱,"人机交互,听音乐,语音遥控家电...",¥ 299
小米随身蓝牙音箱,玲珑身材，不同凡响，轻巧随身...,¥ 69
小米小钢炮蓝牙音箱2,极简设计，专业喇叭，约7小时续...,¥ 129
小米蓝牙音箱,仅铅笔盒大小，近万首歌随身带,¥ 199
小米米兔音箱,天然萌的音乐小玩具，蓝牙4.0链...,¥ 99
小米方盒子蓝牙音箱2,高清音质，轻巧便携，蓝牙4.2，...,¥ 129
雷石KTV专业无线麦克,高灵敏动圈麦头，三核DSP芯片，...,¥ 599
小米家庭影院,360°立体环绕声，支持卡拉OK，...,¥ 2099
name,desc,price
COTTONSMITH家居T恤2件装,宽松舒适，可家居可外穿，柔软...,¥ 59
90分银离子抗菌T恤 两件装,有效抑制细菌滋生，呵护健康肌...,¥ 79
90分经典翻领Polo衫,清凉柔滑，珠地网眼，拼彩条罗纹,¥ 69
MITOWN原创印花短T系列,原创经典印花，舒适面料，做工...,¥ 69
小米短袖T恤 两件装,精梳棉，适合多场景穿着，精选...,¥ 89
柒號银纤维抗菌防臭T恤,99.9%纯银层，持久抑菌，有效防...,¥ 139
熊本熊短袖T恤,官方授权图案，亲肤透气，休闲...,¥ 64.9
小米短袖POLO衫,"经典翻领设计,精选Sorona纤维 ...",¥ 79
MITOWN WORK系列重磅纯棉T恤,原创设计印花，宽松舒适，时尚...,¥ 79
小米短袖T恤 口袋米兔（情侣同...,趣味米兔口袋，棉氨面料，活性...,¥ 69
小米短袖T恤 机械米兔男款,机械米兔印花，棉氨面料，黑白...,¥ 69
90分抗菌短袖T恤 (女款2件装),长效抗菌，透湿易干，柔滑舒适,¥ 79
米家限量版纪念T恤,专属设计，个性包装，舒适体感,¥ 199
小米短袖T恤 享受科技（情侣同...,每个人都能享受科技的乐趣,¥ 69
小米速干短袖T恤 黑色,冰点矩阵，高亮反光，高弹透气,¥ 99
Proease一体织轻运动短袖T恤,柔软舒适，吸湿快干，清爽透气...,¥ 69
柒號男士花纱速干T恤,双色花纱，吸湿速干，高弹透气...,¥ 79
AMAZFIT单导速干T恤,速干排汗，轻盈透气，贴合身型,¥ 129
COTTONSMITH随型裁男士V领T恤,时尚V领，经典百搭，切边技术，...,¥ 79
90分一体织透气短袖T恤,无缝贴合，吸湿透气，舒爽入夏,¥ 99
DMN磁导电亲肤牛仔,磁导电面料，有效排除静电，匠...,¥ 199
COTTONSMITH时尚牛仔短裤,潮流版型，舒适柔软，清爽透气...,¥ 109
Uleemark男子速干长裤,冰凉触感，吸汗速干，透气舒适...,¥ 99
Uleemark男士运动功能短裤,韧性面料，极简时髦，撞色设计...,¥ 89
COTTONSMITH99%棉微弹小直筒牛...,立体感强，修饰腿型，色泽饱满...,¥ 129
Uleemark男士运动速干短裤,立体剪裁，荧光腰头，YKK拉链，...,¥ 89
90分舒适随行牛仔裤男款,柔韧舒适，快速回弹，修身塑型...,¥ 199
Uleemark男士舒适针织长裤,弹力柔软，立体裁剪，斜插口袋...,¥ 139
COTTONSMITH男式高弹舒适牛仔裤...,优质弹力，亲肤柔软，透气舒适...,¥ 129
90分舒适随行牛仔裤女款,土耳其科技面料，快速回弹，修...,¥ 199
悠启男士休闲舒适针织短裤,优质精梳棉，毛边设计，柔软舒适,¥ 79
COTTONSMITH女式高弹修身牛仔裤...,优质弹力，亲肤柔软，透气舒适...,¥ 129
COTTONSMITH天丝棉牛仔裤男款,丝滑触感，自由回弹，舒适柔软...,¥ 199
MITOWN城市休闲短裤,时尚有型，舒适透气，款式简约...,¥ 149
MITOWN经典休闲长裤,百搭单品，97%含棉量，舒适耐穿...,¥ 169
MITOWN休闲短裤,潮流穿搭，舒适透气，迷彩花纹,¥ 149
90分防皱免烫衬衫,100%新疆长绒棉，成衣免烫，柔...,¥ 199
90分经典牛津纺衬衫,牛津面料，100%棉，领尖两粒扣...,¥ 139
COTTONSMITH基础休闲牛仔衬衫,经典基础，随意舒适，立体裁剪,¥ 149
90分休闲棉麻衬衫,法国亚麻，优质精梳棉，清爽舒适,¥ 149
90分仿牛仔青年布衬衫,柔软亲肤，3D裁剪，上乘纱线，...,¥ 139
凡客诚品全棉日式高支免烫衬衫,舒适透气，无需熨烫，易于清洗,¥ 249
柒號男士花纱速干T恤,双色花纱，吸湿速干，高弹透气...,¥ 79
Uleemark男士运动速干短裤,立体剪裁，荧光腰头，YKK拉链，...,¥ 89
AMAZFIT单导速干T恤,速干排汗，轻盈透气，贴合身型,¥ 129
Uleemark男士运动功能短裤,韧性面料，极简时髦，撞色设计...,¥ 89
男士平角泳裤,杜邦莱卡，有效抗氯，疏水降阻...,¥ 79
男士五分泳裤,杜邦莱卡，有效抗氯，疏水降阻...,¥ 99
裙式分体泳衣,杜邦莱卡，有效抗氯，交叉美背,¥ 169
女士连体泳衣,杜邦莱卡，有效抗氯，镂空美背,¥ 149
磨砂硅胶泳帽,高弹力、抗撕裂、降水阻、不伤发,¥ 39
90分一体织透气短袖T恤,无缝贴合，吸湿透气，舒爽入夏,¥ 99
小米速干短袖T恤 黑色,冰点矩阵，高亮反光，高弹透气,¥ 99
悠启男士休闲舒适针织短裤,优质精梳棉，毛边设计，柔软舒适,¥ 79
Proease一体织轻运动短袖T恤,柔软舒适，吸湿快干，清爽透气...,¥ 69
MITOWN飞织型弹外套 男款,保暖轻盈，提花设计，飞织型弹...,¥ 199
MITOWN全棉圆领卫衣,简单易搭，精梳纯棉，舒适透气,¥ 99
柒號男士速干运动裤系列,弹力支撑，吸湿速干，轻盈透气,¥ 99 起
柒號女士速干运动裤系列,百搭塑形，裸感贴合，吸湿速干,¥ 99 起
Uleemark男子连帽拉链开衫,强力面料，色牢度高，不易起球...,¥ 169
柒號速干轻盈运动系列 男款,速干透气，轻盈无拘，亲肤舒适,¥ 99 起
柒號速干轻盈运动系列 女款,速干透气，轻盈无拘，亲肤舒适,¥ 121 起
Uleemark男子速干长裤,冰凉触感，吸汗速干，透气舒适...,¥ 99
MITOWN运动压缩小腿套,梯度压缩，柔软舒适，时尚色彩,¥ 49
MITOWN飞织圆领卫衣,轻盈保暖，飞织型弹工艺，快速...,¥ 149
Uleemark轻量防晒服,防紫外线，防泼面料，轻薄速干...,¥ 179
悠启轻薄防晒皮肤衣,超轻盈，UPF50+，4级防泼水，便...,¥ 179
AMAZFIT四面弹皮肤风衣,防晒透气，超薄四面弹，防泼水...,¥ 199
Uleemark男士防雨夹克,4级防水，一体裁剪，反光设计，...,¥ 299
Uleemark女士中长款白色风衣,时尚版型，轻薄防泼水，褶皱工...,¥ 199
紫易男士V领羊毛开衫,经典百搭，保暖舒适，精良抗起...,¥ 219
小米3L软壳风衣 男款,3层复合面料，保暖摇粒绒，防水...,¥ 129 直降
小米双层抓绒夹克 男款,小米双层抓绒夹克,¥ 69 直降
小米双层抓绒夹克 女款,长效抗静电，双层贴合抓绒，动...,¥ 69 直降
小米一体织轻薄羽绒服,充绒区域0针孔，轻暖防钻绒，便...,¥ 149 直降
柒號男士轻薄运动夹克,4级防泼水，防紫外线，轻薄透气...,¥ 199
Uleemark双面穿羽绒服男款,90%鹅绒，防水防风，科技反光，...,¥ 399
Uleemark轻便可收纳羽绒马甲,90%白鸭绒，轻盈保暖，科技反光...,¥ 199
Uleemark运动休闲羽绒服,保温蓄热，防风防寒，无缝工艺,¥ 569 起
Uleemark三合一冲锋衣,防水防风，耐磨抗撕裂，内胆可...,¥ 299
MITOWN飞行员夹克羽绒服 男款,天然鸭绒纤维，防钻绒工艺，防...,¥ 499
悠启轻柔无钢圈一片式文胸,舒适亲肤，爽滑无痕，聚拢塑形,¥ 99
instant me真丝吊带裙,裸睡般的轻柔，经典简约设计，...,¥ 329
悠启真我吊带衫,吸水性强，舒适柔软，AAA级抑菌,¥ 39
instant me真丝短款吊带,珍贵桑蚕丝，优雅吊带设计，一...,¥ 239
90分男女温暖长袖打底衫,恒温循环，高弹柔滑，舒适透气,¥ 79
COTTONSMITH随型裁男士V领T恤,时尚V领，经典百搭，切边技术，...,¥ 79
COTTONSMITH微型窗干爽男士内裤...,进口美棉，快速排汗，干爽不粘身,¥ 119
COTTONSMITH微型窗干爽女士内裤...,进口美棉，快速排汗，干爽不粘身,¥ 89
COTTONSMITH棉质基础男士内裤 ...,进口美棉，透气舒适,¥ 99
悠启无痕一片式均码内裤2条装,舒适透气，高弹纤维，快干便携,¥ 69
COTTONSMITH棉质基础女士内裤 ...,进口美棉，透气舒适,¥ 79
COTTONSMITH空气感内裤2条装 男...,超细纤维，轻薄透气，3D冲模，...,¥ 99
COTTONSMITH节庆款女士内裤 3条...,喜庆祥和，四季平安,¥ 89
COTTONSMITH节庆款男士内裤 3条...,喜气祥和，四季平安,¥ 119
COTTONSMITH莫代尔男士平角内裤...,兰精莫代尔，柔软顺滑，撞色腰带,¥ 149
COTTONSMITH莫代尔女士三角内裤...,兰精莫代尔，轻薄透气，镂空蕾...,¥ 129
COTTONSMITH情侣款男女内裤 3条...,情人节专属，定制图案，进口美棉,¥ 89 起
COTTONSMITH随型裁男士平角内裤...,随型裁剪，无痕自在，柔软丝滑,¥ 169
COTTONSMITH家居套装男款,宽松舒适，可居家可外穿，柔软...,¥ 89
COTTONSMITH家居T恤2件装,宽松舒适，可家居可外穿，柔软...,¥ 59
instant me 100%真丝家居男女款...,6A级珍贵桑蚕丝  法式优雅设计...,¥ 799
紫易全亚麻睡袍（情侣同款）,天然亚麻面料，触感细腻顺滑，...,¥ 219
紫易色织格子纯棉家居服,优质纯棉面料，轻盈透气，版型...,¥ 179
紫易针织条纹家居服,双层纯棉针织，修身立体裁剪，...,¥ 199
PULPOL SOCKS男士短袜(5双装),柔软舒适，经典百搭，吸湿抑菌,¥ 39
PULPOL SOCKS女士短袜（5双装）,柔软舒适，经典百搭，吸湿抑菌,¥ 39
PULPOL SOCKS女士隐形船袜（3双...,零敏防脱，柔软亲肤，吸湿抑菌,¥ 39
PULPOL SOCKS女士船袜（5双装）,亲肤舒适，防脱耐磨，吸湿抑菌,¥ 39
PULPOL SOCKS男士隐形船袜（3双...,零敏防脱，柔软亲肤，吸湿抑菌,¥ 39
PULPOL SOCKS男士船袜(5双装),亲肤舒适，防脱耐磨，吸湿抑菌,¥ 39
悠启8D超轻薄丝滑连裤袜（2双装...,亲肤细腻，柔韧弹性，牢固耐穿...,¥ 39
365WEAR匹马棉抗菌男短袜 5双,美国进口匹马棉，德国抗菌科技...,¥ 49
365WEAR四季轻运动短袜 6+1 套...,创新搭配设计，舒适精梳棉，左...,¥ 89
365WEAR抑菌女士短袜 5色装,高针高弹，科学混纺，环保染色...,¥ 49
365WEAR匹马棉抗菌男中袜 5双,美国进口匹马棉，德国抗菌科技...,¥ 59
365WEAR抑菌男士短袜 5色装,高针高弹，科学混纺，厚棉触感...,¥ 49
悠启基本舒适防滑船袜（三双装）,柔软细腻，高弹透气，防滑防脱,¥ 39
365WEAR四季轻运动中袜 6+1 套...,创新设计，舒适精梳棉，左右脚...,¥ 89
365WEAR春夏薄款绅士袜 4双装,新疆长绒棉，抗菌抑臭，吸湿排...,¥ 49
365WEAR半毛圈绅士商务袜 3双装...,毛圈袜底，中高筒袜，柔软贴合...,¥ 49
90分COOLMAX五指袜 2双装,快速排汗，贴合脚面，柔韧耐磨...,¥ 49
悠启条纹抓绒裤袜,高弹抗起球，保暖舒适，修身塑形,¥ 59
90分休闲美利奴羊毛袜(一双装）,美利奴羊毛，吸湿透气，柔软舒适,¥ 49
米家石英表,计步抬腕可见，自动校准时间，...,¥ 349
玺佳机械表•MY系列,德国iF设计金奖，镂空机械美学,¥ 999
玺佳全镂空机械表,双面镂空设计，荣获德国红点奖,¥ 899
TwentySeventeen轻时尚石英腕表...,简洁无印设计，原装进口机芯，...,¥ 99 起
I8简约石英腕表,【赠皮质表带】进口机芯，简约...,¥ 399
米动手表青春版,续航45天，GPS+GLONASS 双模定...,¥ 399
LUCKYME告白系列挂坠,奢牌同源，魅力潮流，个性DIY，...,¥ 499 起
Sola Bella偏爱于你项链,时尚设计，告白神器，多样佩戴,¥ 199
Sola Bella悦动之心圆形系列,悬浮设计，优雅灵动，芯动闪耀,¥ 249 起
Sola Bella悦动之心水滴系列,悬浮设计，优雅灵动，芯动闪耀,¥ 249 起
Sola Bella单钻锁骨链,经典百搭设计，尽显优雅锁骨，...,¥ 199
LUCKYME爱随心动18K金钻石项链,奢牌同源，欧式建筑设计，时髦...,¥ 1899
LUCKYME钻石珐琅心形18K金项链,满钻效果，双面可戴，告白神器...,¥ 1199
LUCKYME星座银镶嵌珍珠吊坠,浩瀚星海，寻你星座,¥ 199
LUCKYME心心相恋18K金手链,日式精工，纤美细致，高抗拉力...,¥ 599
LUCKYME百搭足金项链,999足金，计价产品，男女通用，...,¥ 811 起
LuckyME足金祈运珠手链（约0.7...,MINI转经轮造型，3D硬金工艺，...,¥ 299 起
米兔招财猫足金吊坠,招财送礼，足金材质 ，3D硬金工...,¥ 888
LUCKYME双款式足金百福锁吊坠,百福百家爱，足金材质，初生贺...,¥ 1649
LUCKYME足金萌狗吊坠（约1.9g）,狗年献礼，足金材质，3D硬金工艺,¥ 799
LUCKYME足金招财貔貅手链（约2...,招财瑞兽，足金材质，3D硬金工...,¥ 919 起
LUCKYME唯一有你铂金戒指,高贵铂金，璀璨磨砂，极简美学...,¥ 699 起
LUCKYME经典闪耀钻戒,比利时亮式切割，显钻设计，奢...,¥ 4399 起
TS飞行员偏光太阳镜,舒适镜框，偏光镜片，专业时尚,¥ 199 起
TS夹片太阳镜,TAC偏光镜片，阻隔UVA/UVB，过...,¥ 59
TS金塑框近视镜,文艺小圆镜框，中梁雕花设计，...,¥ 599 起
TS近视镜,PEI镜架，单面非球面镜片，自适...,¥ 299 起
TS太阳镜经典猫眼款,钢片一体成型设计，无螺丝无焊...,¥ 249
TS夹片防蓝光镜,TAC镜片，35%蓝光吸收比，锌合...,¥ 59
TS太阳镜 猫眼款 米家定制,板材镜架，尼龙偏光镜片，镭射...,¥ 249
TS太阳镜 潮范 米家定制,复古圆框， 双梁设计，电镀金属...,¥ 199
TS太阳镜 旅行者款 米家定制,钢片一体成型，无螺丝无焊点结...,¥ 249
TS猫眼尼龙太阳镜,进口板材，尼龙镜片，UV400,¥ 299
TS炫彩猫眼太阳镜,99%隔绝紫外线，进口材质，时尚...,¥ 199
TS旅行者偏光太阳镜,进口板材，尼龙偏光镜片，UV400,¥ 249
TS圆框尼龙太阳镜,进口板材，尼龙镜片，UV400,¥ 299
TS太阳镜飞行员款,纯钛镜架，尼龙偏光镜片，隐形...,¥ 499
TS太阳镜复古款,一体成型设计，不锈钢镜架，尼...,¥ 199
TS太阳眼镜猫眼款茶色,板材镜架，尼龙偏光镜片，镭射...,¥ 249
TS防蓝光眼镜 米家定制,35%蓝光阻隔率，UV400，超轻材...,¥ 99
TS儿童防蓝光护目镜,50%蓝光阻隔率，防UVA、UVB,¥ 199
TS防蓝光护目镜,60%高阻隔蓝光，UV400，超轻材...,¥ 299
TS眼镜架 米家定制,钨钛材质，超轻质地，舒适佩戴,¥ 249
七面意大利真皮自动扣皮带,精致商务，创新结构合金扣，可...,¥ 149
七面意大利真皮双面用皮带,进口高品质皮料，双色双面可用...,¥ 139
七面头层牛皮简约休闲皮带,精工手作，时尚百搭,¥ 99
七面植鞣皮商务休闲皮带,头层植鞣牛皮，单层无贴合，百...,¥ 99
七面植鞣皮黄铜扣手工皮带,经典美式风潮，牛仔休闲更有范,¥ 139
七面女士缝线细腰带,精致牛皮，柔软百搭，车缝线点缀,¥ 89
悠启防晒凉感手套（情侣同款）,"UPF50+,凉感面料，手掌硅胶",¥ 69
小米棒球帽,反光帽檐，止汗吸汗，魔术贴调...,¥ 49
W.W拼接色大檐遮阳草帽,轻盈透气，遮阳舒适，轻巧便捷,¥ 59
悠启防晒空顶帽,防晒升级，止汗清爽，卷折收纳,¥ 59
LuckyME 金元宝贺岁红包,创意足金红包，百元诚意价格，...,¥ 99
90分精致蝴蝶结羊毛毡帽,100%澳洲羊毛，英伦风范，舒适...,¥ 99
90分男女精纺纯羊毛双面围巾,澳洲纯羊毛，舒适保暖，四平针...,¥ 169
磨砂硅胶泳帽,高弹力、抗撕裂、降水阻、不伤发,¥ 39
男士五分泳裤,杜邦莱卡，有效抗氯，疏水降阻...,¥ 99
男士平角泳裤,杜邦莱卡，有效抗氯，疏水降阻...,¥ 79
裙式分体泳衣,杜邦莱卡，有效抗氯，交叉美背,¥ 169
女士连体泳衣,杜邦莱卡，有效抗氯，镂空美背,¥ 149
Bestway百适乐彩虹泳圈浮排系列...,绚烂彩虹色，安全不漏气，细腻...,¥ 19.9 起
Bestway百适乐水果泳圈浮排系列...,可爱水果造型，安全不漏气，细...,¥ 39.9 起
Bestway百适乐坐骑系列,3D彩印，优质PVC材料，安全防漏...,¥ 149 起
云麦助游训练浮板,浮漂助游，日常训练，锻炼健身...,¥ 49
Bestway百适乐泵系列,大口径气室，快速充放气，三种...,¥ 19.9 起
name,desc,price
德尔玛不锈钢养生壶,食品级不锈钢，6大菜单，1.5L四...,¥ 199
德尔玛不锈钢绞肉机,不锈钢外壳，360°绞碎，400W纯...,¥ 169
品罗小怪兽料理机,30000转高速破壁，6刀粉碎更细...,¥ 199
圈厨复古平板微波炉,18升黄金容量，立体均匀速热，...,¥ 449
云米小厨宝 6.6L,小巧外观，6.6L大容量，1500W大...,¥ 399
圈厨24L家用电烤箱,精准控温，循环热风，液晶显示...,¥ 299 直降
云米互联网智能烟机Cross,风随火动，21m³/min大吸力，宽...,¥ 2299
云米互联网智能燃气灶,4200W大火力，230°宽频火力调节...,¥ 799
心想智能胶囊咖啡机,2种咖啡模式，独立热水功能，多...,¥ 799
云米智能互联烟灶套装,烟灶相互联动，自动排风，火越...,¥ 2699 直降
圈厨家用小型绞肉机,高效切碎，双档可选，5重防护，...,¥ 109
圈厨多功能家用电火锅,360°环形加热，1500W大功率，食...,¥ 239
心想胶囊咖啡机,配套咖啡胶囊已上线，请搜索【...,¥ 499 起
米家电水壶,快速沸腾，304不锈钢内胆，1.5...,¥ 99
米家恒温电水壶,快速沸腾，水温智能控制，三重...,¥ 199
米家IH电饭煲 3L,IH电磁环绕加热，3000+煮米方案...,¥ 399
米家IH电饭煲 4L,IH电磁环绕加热，大金PFA不粘锅...,¥ 599
米家压力IH电饭煲,压力IH加热技术，灰铸铁内胆,¥ 999
圈厨多用途电热锅,一锅多用，多火力可调，分体式...,¥ 199
云米互联网洗碗机 8套嵌入式,脉冲洗涤，高温除菌，热风烘干...,¥ 2199 直降
米家电磁炉 白色,99挡微调控火，支持低温烹饪，...,¥ 299
云米智能即热饮水吧,一键加热，水温调节，  APP预设...,¥ 599
便携式果蔬料理机,3款随行杯，三重连锁设计，点动...,¥ 179 直降
知吾煮煎锅,简约时尚，不粘锅，多用途，硅...,¥ 149
知吾煮平底炒锅,深煎多能，健康不粘，美观实用,¥ 179
知吾煮奶锅,食品接触用不粘涂层，不锈钢复...,¥ 79
悦味MOTOMI系列不粘炒锅,德国高端不粘层，德国三层涂敷...,¥ 159 起 直降
悦味MOTOMI系列不粘煎锅,一锅多用，超强不粘，少油烹饪...,¥ 149
一悟一什欧式经典珐琅锅,自循环水滴设计，持久保温,¥ 229
知吾煮鸳鸯锅,一体式铸造，导热均匀，食品接...,¥ 169
知吾煮汤锅 米家定制,聚热快，受热匀，食品级不沾涂...,¥ 99
知吾煮不锈钢炒锅 米家定制,5层复合锅身 / 耐用健康 / 适用...,¥ 349
一悟一什珍美味不锈钢蒸锅,上蒸下煮，原汁鲜味，精材制作,¥ 99 起
无涂层不锈钢炒锅,三层复合锅体，高效匀热,¥ 299 起
知吾煮不锈钢汤锅 米家定制,三层复合锅底 / 安全健康 / 易...,¥ 249
无涂层健康不锈钢奶锅,三层复合锅体，红点奖设计,¥ 179
无涂层健康不锈钢汤锅,三层复合锅体，红点奖设计,¥ 299
无涂层健康不锈钢煎锅,三层复合锅体，红点奖设计,¥ 279
中华铸铁炒锅,铸铁原木，安全健康,¥ 179
无涂层健康不锈钢锅三件套,三层复合锅体，红点奖设计,¥ 749
17PIN玻璃斜纹杯 2只装,收敛型杯口，斜纹内壁，手工吹制,¥ 36 起
质造夏日凉水壶套装,稳若泰山，山壶岛杯，断水干净,¥ 39 起
17PIN玻璃双层杯 两只装,高硼硅玻璃，圆润通透，400ml大...,¥ 59
小米米家滤水壶,高效过滤，享安心好水,¥ 99
mufor缤纷糖果马克杯,甜蜜糖果色，优雅北欧范儿，低...,¥ 39 起
500CC炻瓷马克杯四季款,4色可选，实用大容量，环保炻瓷,¥ 49 起
云米不锈钢真空保温壶 1.5L,24h长效保温，316无铅不锈钢内...,¥ 119
云米超能滤水壶L1 UV杀菌版,UV紫外杀菌，7重多效过滤，滤芯...,¥ 299
316温感杯,炫彩温感灯，316不锈钢，长效保...,¥ 79 直降
轻智能随行保温杯,双曲线杯身，OLED显示屏，头层...,¥ 159 直降
花园系英式下午茶套装,细润白瓷，花面清新，釉中烧彩...,¥ 99 起
高硼硅玻璃水壶套装,耐温差范围广，纯手工精良打造...,¥ 69 起
云米便携真空保温杯,轻便合金材料，24小时长效保温...,¥ 59 直降
Fiu优雅不倒杯,创新魔力吸盘，告别意外洒水,¥ 119
云米不锈钢真空保温杯,316不锈钢，24小时长效真空保温...,¥ 89 起 直降
云米超能滤水壶L1（标准版）,7重多效过滤，全进口抑菌材质,¥ 99 直降
云米超能滤芯 滤水壶版（三只装...,加量滤芯，7重多效过滤，立体快...,¥ 119
小米米家滤水壶滤芯 三支装,有效滤除余氯，减少水垢、重金...,¥ 99
保温杯,进口316L不锈钢内胆，镜面内壁...,¥ 99
火候厨房剪刀,轻松剪切，灵活防锈，用途广泛,¥ 39
火候陶瓷刀砧板套装,高颜值，轻薄锋利，免磨易洗,¥ 29.9 起
火候乌檀木整木砧板,非洲进口乌檀木，原木整芯无拼...,¥ 189 起
火候酷黑不粘钢刀套装,厨房高颜值，切菜不粘刀，锋利...,¥ 149
砺刃锻打复合切片钢刀,轻巧耐用的不锈钢刀,¥ 149
火候钢刀六件套,至诚锋锐，比硬更硬,¥ 329 直降
火候防菌纳米陶瓷刀,更轻薄，更锋利，更环保,¥ 39 起
一悟一什整竹砧板,用料考究，为厨房添加一缕香,¥ 79 起
天然原色稻壳砧板,安全稻壳材质，纯天然无添加，...,¥ 99 起
质造夏日凉水壶套装,稳若泰山，山壶岛杯，断水干净,¥ 39 起
吻吻鱼咖啡滤,200目超细滤网，110ml大容量，...,¥ 29
质造光影咖啡杯,光影艺术，瓷质通透，优雅好用,¥ 59 起
17PIN啤酒杯球迷款 2个装,精工手制，收腰设计，430ml容量,¥ 39
17PIN茶趣壶套装,800ml容量，高硼硅耐热玻璃，纯...,¥ 129
御蝉手工水晶杯套装,无铅水晶，人工吹制，晶莹透亮,¥ 179 起
四叶草日式茶具套装,四叶茶杯，优雅茶壶，独创釉色...,¥ 39 起
大肚茶水分离杯壶,茶水分离，杯壶合一，高效泡茶,¥ 58
质造瓷木咖啡杯 套装,创新性瓷木结合，安心更安全。,¥ 99 起
不锈钢料理盆 四件套,优质钢材，用途广泛，一体成型...,¥ 159
橡儿天然软木餐厨隔热垫,天然格调，无害无味，便捷静音...,¥ 29 起
kalar多功能果蔬沥水篮,食品级材质，快速沥水，多场景...,¥ 59
kalar不锈钢硅胶铲勺套装,食品级硅胶，耐高温220°，柔软...,¥ 49.9 起
Kalar食品级硅胶冰格,食品级硅胶，轻松取出冰块，多...,¥ 29.9 起
不锈钢编织水果篮,优质钢材，简约设计，坚固耐用...,¥ 79
榉木柄不锈钢铲勺,进口原材，防烫手柄，流线型设计,¥ 69 起
进口榉木铲勺四件套,德国进口榉木，耐用不伤锅,¥ 59
火候不锈钢刀叉勺,镜面抛光，简约设计，握感十足,¥ 59 起
樱岚和风筷 六双装,不易霉变，坚实耐用，无漆无蜡,¥ 49 起
彩瓷保鲜碗 三件套,天然彩瓷，美观防滑，密封保鲜...,¥ 49
简雅纯色不锈钢筷子,进口不锈钢，包裹式中空结构，...,¥ 69
简欧不锈钢餐具四件套,优质不锈钢，一体成型,¥ 79 起
御蝉骨瓷纯白套装,品质不凡，不止于“美”,¥ 59 起
质造青白釉芭蕉纹餐具,釉色青翠，芭蕉纹路，手感自然,¥ 88 起
素来素往稻壳筷子 六双入,天然材质，精简于形，安全环保,¥ 49 起
一悟一什天然实木筷 10双,进口天然木材，匠心安全木筷,¥ 29 起
楠竹火锅筷 六双入,天然原竹，30cm加长设计,¥ 29
御蝉骨瓷镶金套装,卓尔不群，耀目“金”辉,¥ 69 起
洁致懒人抹布 8卷,吸水吸油，干湿两用，强效清洁,¥ 119
洁致厨房湿巾 30片*6包,塑点摩擦工艺，去油 除污 祛味...,¥ 119
洁致三层复合洗碗刷 6片装,多效合一，防刮伤，更抑菌，起...,¥ 16.9
洁致超细纤维无痕百洁布 五条装...,不留划痕，不留水痕，不掉毛屑...,¥ 32.9
洁致不锈钢洗杯刷+3个可替换刷...,蜂窝海绵，快速起泡，避免细菌...,¥ 19.9
洁致竹制长柄锅刷,竹制手柄，软硬适中刷毛，强力...,¥ 26.9
洁致金刚砂海绵魔力擦 5片装,清污除垢，厨具去锈，打磨抛光...,¥ 19.9
洁致竹柄EVA泡棉红酒杯刷,新型材质，软硬刷毛适中，不伤...,¥ 26.9
素来素往稻壳保鲜碗,稻壳材质，抗菌保鲜，方便携带,¥ 79
17PIN 玻璃储物罐,高透玻璃，密封紧实，操作简单...,¥ 49 起
不锈钢编织水果篮,优质钢材，简约设计，坚固耐用...,¥ 79
知吾煮抗摔玻璃保鲜盒,坚固抗摔，食品级材质，强效密...,¥ 49 起
name,desc,price
大希地 麻辣虾球350g/盒*2盒,取材健康，三次清洗，壳薄肉厚...,¥ 99
大希地 培根陪你帕尼尼100g*10...,加热即食，鲜香培根，健康低卡,¥ 78
秘之醉 盱眙龙虾 2kg礼盒装,蟹塘龙虾，出口品质，壳薄肉满...,¥ 99 起
大希地 牛肉酱意面  320g*6份...,加热即食，杜兰小麦粉，大颗牛...,¥ 99
海福盛日式味噌冻干汤 12杯/箱...,冻干技术制造，传统日本风味，...,¥ 45
海福盛番茄蛋花汤冻干汤 12杯/...,木本树番茄，烟台柴鸡蛋，开胃...,¥ 45
淮河小镇 盱眙龙虾 1.5kg,产地直供，大厨秘制，5分钟瞬享...,¥ 89 起
海福盛冻干粥深海鱼粥12杯装,深海马鲛，真正高汤，经典东方...,¥ 69.9
海福盛冻干粥小米瘦肉粥12杯装,轻食养生，养脾健胃，现煮版口感,¥ 64.9
和厨咖喱牛肉冻干面 12杯/箱,冻干工艺制造，大片咖喱牛肉，...,¥ 64.9
和厨番茄鸡蛋冻干面,非油炸冻干技术，新鲜口感，汤...,¥ 59.9 起
和厨一碗阳春面 12杯装,筋斗细面，香浓高汤，爆款冻干...,¥ 64.9
台湾老妈拌面 4包*2袋,明星热捧的网红面，48小时日光...,¥ 79
澳洲新格菲乐家族典藏版霞多丽...,大南方产区，红五星95分，名庄...,¥ 369
Change 10s 脱脂无蔗糖轻食酸奶...,脱脂无蔗糖，优于欧盟标准，全...,¥ 76
认养一头牛 常温纯牛奶 两提装...,纯生牛乳无添加，澳洲进口荷斯...,¥ 89 起
COCODAY可口得椰子水饮料  250...,印尼原装进口，零脂肪低热量，...,¥ 59
孔府家酒·子约52°浓香型白酒,7-16年老酒，年份可追溯，非遗...,¥ 169 起
匠心28热情百香果精酿啤酒 330...,甄选进口原料，浓郁果香，富含...,¥ 75
匠心28精酿啤酒 330ml*6,甄选进口原料，口感醇厚，富含...,¥ 75
火啤精酿 青稞琥珀艾尔啤酒 33...,独特酒香，国际级酿酒大师工艺,¥ 99
斑马精酿德式小麦啤酒,香浓好喝，德国学院正宗配方，...,¥ 46 起 直降
斑马精酿琥珀IPA啤酒,甄选贵族原料，45天慢酿，琥珀...,¥ 99 起
GOODMANSMITH 好人IPA精酿啤酒...,"上等天然原料,大量有益酵母菌，...",¥ 99
燃点 消愁浓香型白酒38度,邛酒产区出品，纯正浓香川酒，...,¥ 29 起
雪荞藏娇酒 小曲清香型 53° 白...,上等苦荞酿，53°更醇厚，每一滴...,¥ 299
谷小酒微醺版浓香型白酒,五粮酿造，冰川泉水，固态发酵...,¥ 99
雪荞·小荞酒 小曲清香型50°白酒...,古法苦荞酿，雅致荞麦香，好喝...,¥ 19.9 起
婉爱美乐干红葡萄酒 187ml*6,千次调配柔美风格，聚会小酌一...,¥ 169
婉爱·金法国上梅多克干红葡萄酒...,轻奢生活 享在当下  精致礼盒礼...,¥ 169 起
歌冬城堡干红葡萄酒 2006,歌冬城堡干红葡萄酒 2006,¥ 369
乔治威拿·罗蒂丘·宝龙干红葡萄...,法国2200年历史产区，罗蒂丘代...,¥ 649
婉爱·金超级波尔多干红葡萄酒,波尔多产区，原瓶进口，金奖殊...,¥ 119 起
婉爱·银智利甄诚赤霞珠干红葡萄...,百年名庄，原瓶进口，多汁顺滑...,¥ 79 起
金洋河浓香型白酒,甄选名酒，古法传承  多粮酿造...,¥ 218 起 直降
婉爱·蓝缤意大利微甜起泡酒,清新甜美好喝，意大利原装进口...,¥ 109 起 直降
德国摩泽尔日晷园雷司令甜白葡...,德国葡萄酒精髓，夏日消暑圣物...,¥ 239
法国阿尔萨斯琼瑶浆白葡萄酒,浓郁芬芳的香气，法国原瓶进口,¥ 149
婉爱·新西兰马尔堡长相思干白葡...,新西兰航空指定用酒，迷人的百...,¥ 159
婉爱美酒套装 6瓶,送礼佳选，聚会欢庆，新年共饮...,¥ 449 起
山楂制品组合装,鲜果打浆，酸甜可口，开胃消食...,¥ 49.9
go ahead果悠萃酸奶涂层饼干（...,英国超人气饼干，浓郁酸奶涂层...,¥ 58
混合水果脆32g/袋*4袋,四果合一，鲜香酥脆，原汁原味...,¥ 48
龙眼榴莲脆30g/袋*2袋,香甜酥脆，甄品原料，开袋即食...,¥ 48
鲜果丛林 芒果冰 75g*10支,优选原料，速冻锁鲜，口感细腻...,¥ 89
知味轩 土耳其无花果干170克*2...,自然风干，果蜜丰富，皮薄肉厚...,¥ 69
薄脆饼干	320g*3袋,薄脆饼干，非油炸，咸香美味,¥ 48
社谷制菓 苏打夹心饼干 270g*3...,回味甘香，酥脆可口，甜蜜享受,¥ 48
榴莲泡泡  120g*3盒,皮薄馅多，口感Q弹，香浓榴莲味...,¥ 99
榴莲烤芝士 100g*3盒,榴莲果肉制成，优选原料，口感...,¥ 89
坚果海苔 80g/盒*2,慢火烘烤，酥香无油，双重美味,¥ 59.9
什锦菇菜脆 140g/袋*2,六蔬搭配，酥脆爽口，即开即食,¥ 49
葡萄干250g*2袋,清甜醇香，肉厚无籽，色泽鲜亮...,¥ 38 起
卤汁牛肉  4袋装 100g*4,浓香扑鼻，半筋半肉，老卤秘制...,¥ 79 起
沙嗲味牛肉干  4袋装 105g*4...,新派马来美味,¥ 79
变态辣手撕牛肉  4袋装 100g*4...,3种辣椒调制，久火慢炖，独立小...,¥ 79
日式烤牛肉 4袋装  100g*4,嫩肩肉原切，恒温烤制，秘制腌...,¥ 85
社谷制菓 烤肠（原味）  2袋装...,浓郁肉香，Q弹劲道，随身携带，...,¥ 48
紫山农庄糖水黄桃 425g*6罐,大颗果肉，传统熬制工艺，新鲜...,¥ 49.9
鲜果感黄桃干  100g*5袋,柔韧绵甜，鲜嫩少纤维感，无添...,¥ 59
鲜果丛林厚切芒果干 100g*4袋,精选原料，慢烘工艺，果肉饱满...,¥ 49.9
知味轩土耳其杏干 170克*3袋,传统手工晾晒，土耳其进口，香...,¥ 69
有机板栗仁 80g*5袋,自有有机板栗基地，颗粒饱满均...,¥ 49.9
有机开口栗  80g*5袋装,自有有机板栗基地，精选特大板...,¥ 45
新疆阿克苏核桃,生脆酥爽，肉厚回甜，精挑细选...,¥ 39 起
社谷制菓混合坚果 30袋 750g,甄选食材，多元营养，独立分装,¥ 118
社谷制菓水果燕麦 1.05kg,优质原料，低温烘焙，精巧包装,¥ 108
社谷制菓原香坚果系列 3罐装,精选食材，慢烘轻烤，原香醇厚...,¥ 95 起
云顶曲奇三味混合装 560g,进口黄油，匠心制作，入口即化...,¥ 129
社谷制菓风干牛肉 两盒装,精选米龙，纯盐调味，古法新作...,¥ 75 起
社谷制菓 黑南瓜子 两袋装,精心烘炒，饱满酥脆，便捷开口,¥ 38
知味轩混合坚果酥 300克*2袋,健康营养，天然好料，静心配比...,¥ 55
萌托斯·法式手工甜品 400g,甄选澳洲麦芽糖，健康美味,¥ 109
环球渔场 香酥小黄鱼200g*2盒,肉质鲜嫩，秘料配方，制法考究,¥ 49.9
环球渔场 香酥带鱼200g*2盒,地道鲜香，醇香美味，安心工艺,¥ 49.9
环球渔场 原味鱿鱼足片 4袋装...,深海鱿鱼，口感鲜嫩，嚼劲十足,¥ 49
环球渔场海味组合 4袋装,四种海味，原料新鲜，开袋即食...,¥ 49
环球渔场 原味香酥脆虾 4袋装...,即开即食，整虾可食，鲜美香酥,¥ 59
莆田桂圆干 250g*3罐,优质乌龙岭品种，传统工艺制作...,¥ 49
社谷制菓 坚果果干蜜饯礼盒 1....,六种果物，馈赠佳礼，多重营养...,¥ 168
新疆和田大枣夹核桃仁 380g,双重营养，双重美味，甜而不腻...,¥ 48
新疆和田大枣 500g,个大香甜，皮薄肉厚，百里挑一...,¥ 39
新疆若羌灰枣 500g,皮薄核小，肉实质脆，甘醇清甜...,¥ 39
大希地鳕鱼天赋罗108g*8袋 送芒...,纯鳕鱼肉，净海养殖，自然鲜嫩...,¥ 88
大希地 安南之恋巴沙鱼片200g*...,水润鲜活，细腻鲜嫩，健康低卡...,¥ 75
大希地 青春之味青虾仁156g*6袋...,净水鲜虾，水弹Q嫩，紧实丰腴，...,¥ 119
大希地 飞跃奥尔良鸡翅 285g*6...,健康取材，甜辣多汁，鲜嫩细腻...,¥ 108
大希地 黑椒味撒娇牛肉粒138g*...,进口牛肉原料，匠心腌制，肉嫩...,¥ 99
大希地 香草黑胡椒眼肉牛排130...,进口原切，鲜嫩多汁，手工腌制...,¥ 199
大希地 香草黑椒西冷牛排 130g...,进口牛肉原料，整块切割，匠心...,¥ 158
法式低温上脑牛排 160g*6袋,雪花纹理，鲜嫩多汁，自然原味...,¥ 228
法式低温西冷牛排 160g*6袋,进口原切未腌制，有筋更带劲,¥ 228 起
干海参（淡干型）80g,海中珍品，滋养温润，安全可靠,¥ 688
干海参（速发型）,营养便携，泡发简单，食用方便...,¥ 368 起
奥运冠军陈一冰推荐生鲜礼盒,冠军品质，八国风味，四款礼盒...,¥ 115 起
鹰集金丝雀单品咖啡豆  200g,清新明亮，热带果香，精品庄园...,¥ 59
鹰集猫头鹰拼配咖啡豆 200g,优选拼配，冠军烘焙，醇香浓郁...,¥ 49
鹰集金丝雀滤挂咖啡,醇柔清香，大师烘焙，简易冲泡...,¥ 45 起
鹰集猫头鹰滤挂咖啡,浓郁芳香，冠军烘焙，儒雅便捷,¥ 29 起
和言挂耳咖啡 10g*10袋,甄选生豆，大师烘焙，随时享用,¥ 49
心想甄选咖啡胶囊 60粒,精选原豆，密封保鲜，口味多样...,¥ 158 起
青海黑枸杞 118g,颗粒均匀，富含花青素，遇水拉...,¥ 168
平仄红茶,单芽率95%，清新番薯香，独立无...,¥ 79 起
一茶一山正山小种红茶 180g,武夷山原产，荒野老树，无农药...,¥ 299
平仄绿  单芽茶,口感鲜爽，免洗直泡，才下牙尖...,¥ 89 起
平仄花草茶,优选原产地，品质可靠，营养封...,¥ 19 起
平仄特级小圆罐茶礼盒,五大茗茶，精装小圆罐，产地特...,¥ 139
狮龙梅特级明前西湖龙井茶 10g...,真正核心产区，明前手工采摘，...,¥ 599
青衣美人陈皮明钼菊（3.5g*28袋...,温润3岁陈皮，地道稀有胎菊，轻...,¥ 99
青衣美人陈皮红曲（5g*28袋）,温润3岁陈皮，五常米发酵红曲，...,¥ 99
青衣美人红曲红茶（4g*30袋）,五常大米发酵红曲，纯正茶基因...,¥ 169
青衣美人 不上火的人参茶,长白山道地人参  解忧除烦补元...,¥ 199 起
青衣美人红曲苦荞茶（5g*36袋）,五常大米发酵红曲，平衡体质，...,¥ 99
青衣美人红曲黑茶（5g*24袋）,解油腻，清身心，醇和绵厚，糯...,¥ 169
青衣美人1号黑茶,洁净免洗，营养丰富，科学重塑,¥ 169 起
青衣美人工夫红茶,一杯茶16道香，纯正茶基因，明...,¥ 169 起
五味茗茶系列  5袋装,轻松发现你的好茶,¥ 99 起
青衣美人特级老川茶礼盒,明前蒸青绿茶，明前小种红茶，...,¥ 99 起
经典袋泡茶,方便而优雅，享用六款芳香,¥ 19.9 起
诚丽一级冷榨亚麻籽油礼盒装（...,甄选黄金亚麻籽，九道低温物理...,¥ 99
多蘑味 川派菇姑酱  三味混合装...,野生山菌，一等菜籽油，十六道...,¥ 39
菁选晒场酿造酱油 250ml*2,古法酿晒，酱香自然，咸鲜回甜...,¥ 49
知吾煮生态杂粮小包 15包,轻饮食 高品质 优选杂粮,¥ 59
方家铺子 有机四色小米礼盒  5...,有机品质，香甜软糯，辅食上选...,¥ 69
知吾煮新鲜营养粥系列,一袋，一次，一锅,¥ 65 起
知吾煮新鲜营养羹系列,一袋，一次，一锅,¥ 59.5 起
莆田桂圆干 250g*3罐,优质乌龙岭品种，传统工艺制作...,¥ 49
有机五常稻花香礼盒 5kg,有机种植，米粒饱满，软糯适宜...,¥ 99
覆膜田有机稻米 5kg,专利栽培技术，寒地黑土种植，...,¥ 159
知吾煮有机五常米 2kg,限量发售，有机种植，全程监管,¥ 49 直降
黑小麦面粉系列,匠心沃土育好麦，源头健康营养...,¥ 35 起
name,desc,price
摩也智能按摩器,马卡龙风格，App智能操控,¥ 249
PMA石墨烯发热真丝颈带,深入颈椎深处，舒缓肌肉紧绷，...,¥ 149
乐范揉捏按摩靠枕,3D按摩，无线便携，强劲扭力,¥ 369
阿多立体热敷眼罩,环绕眼眶加热，立体成型，保护...,¥ 79
石墨烯发热真丝眼罩,秒热技术，双面真丝材料，三档...,¥ 109
乐范眼部冷热按摩仪,"冷热双感敷眼,自动感应按摩,一...",¥ 369
乐范随身魔力按摩贴,配套贴片、延长线已上线，请搜...,¥ 99 起
石墨烯发热腰带,石墨烯发热，超轻薄，秒热技术...,¥ 129 起
乐范塑形背靠,塑形挺背、保护腰椎、缓解身体...,¥ 129
乐范按摩贴贴片 2片装,皮革材质，进口凝胶，更换便捷,¥ 39 起
华佗真空拔罐器（14罐收纳版）,单手可操作，肩背腿适用，密闭...,¥ 109
PMA石墨烯多功能发热毯,秒热技术，一毯多用，安全防烫...,¥ 279
乐范魔力贴温情版  贴片,超纤面料、进口凝胶、更换便捷,¥ 59 起
乐范魔力贴温情版,加热按摩 智能双控  20档力度 ...,¥ 199 起
乐范按摩助眠颈枕,按摩解压，放松入眠，专利锁扣...,¥ 99
魔力按摩贴延长线 120cm,贴心设计，体验升级，延长控制,¥ 19.9
云麦好轻mini2智能体脂秤,十项数据 精准交流测脂 高清LE...,¥ 99 起
小米体脂秤,简约纯白外观，隐藏式LED显示屏...,¥ 199
米家 iHealth 体温计,一秒速测，非接触式测量，德国...,¥ 129
iHealth智能血糖仪,用手机测血糖，测量 / 解读 5秒...,¥ 99 起
米家iHealth血压计,大屏显示，一键测量，爸妈上手...,¥ 399
秒秒测智能体温计,体温测量，持续监测，高温报警...,¥ 169
秒秒测女性基础体温计,口腔测量，智能记录，科学备孕...,¥ 169
iHealth智能血糖仪/试纸,用手机测血糖，测量 / 解读 5...,¥ 129 起
小米体重秤,喝杯水都能感知的高精度传感器,¥ 99
秒秒测医用人体双面胶,智能体温计配件，环形设计，材...,¥ 35
秒秒测医用人体双面胶（硅胶版）,秒秒测智能体温计配件，低敏硅...,¥ 59
秒秒测酒精消毒片 三盒装,除菌消毒，卫生便携，预防细菌...,¥ 29 起
秒秒测医用电子体温计,便捷测温，口腔，腋下便捷测温...,¥ 19 直降
秒秒测温湿度计,电子墨水屏、高精度传感器、灵...,¥ 59
云麦好轻mini2体脂秤 云麦2代瑜...,十项数据，精准交流测脂，高清...,¥ 179
云麦好轻mini2体脂秤+云麦瑜伽...,十项数据，精准交流测脂，高清...,¥ 149
小莫智能划船机,"智利进口松木,航空级聚碳酸酯水...",¥ 2499
WalkingPad走步机,简约科技造型，新型对折收纳，...,¥ 1999
云麦腕力球,办公室减压新升级，锻炼手臂肌...,¥ 69
云麦健身燃脂弹力带,五倍回弹，环保亲肤，不变形不...,¥ 9.9 起
云麦助游训练浮板,浮漂助游，日常训练，锻炼健身...,¥ 49
云麦高密度瑜伽砖（对装）,健身美体，初学辅助，调整身姿...,¥ 29
ACTON 智能电动滑板,无线智能遥控，全身LED灯组，1...,¥ 999
茵战智能足球（4号/5号球）,精准数据记录，进阶练习项目，...,¥ 299
Bestway百适乐泵系列,大口径气室，快速充放气，三种...,¥ 19.9 起
Beat 智能运动哑铃 两只装,爆汗10分钟，甩脂潮轻松,¥ 99 起
云麦运动跳绳,防滑手柄，一体式轴承，负重铁...,¥ 49
Move It 智能弹力绳健身器,全身肌肉锻炼，动作感应，线上...,¥ 549
云麦美体防爆瑜伽球,双纹理设计，安全防爆，环保无味,¥ 68 起
双面防滑瑜伽垫,安全材质，双面防滑，外柔内韧,¥ 99 起
Move It 智能健身器,荣获2017红点设计奖，高度精确...,¥ 1499
磨砂硅胶泳帽,高弹力、抗撕裂、降水阻、不伤发,¥ 39
云麦助游训练浮板,浮漂助游，日常训练，锻炼健身...,¥ 49
男士五分泳裤,杜邦莱卡，有效抗氯，疏水降阻...,¥ 99
男士平角泳裤,杜邦莱卡，有效抗氯，疏水降阻...,¥ 79
裙式分体泳衣,杜邦莱卡，有效抗氯，交叉美背,¥ 169
女士连体泳衣,杜邦莱卡，有效抗氯，镂空美背,¥ 149
Bestway百适乐彩虹泳圈浮排系列...,绚烂彩虹色，安全不漏气，细腻...,¥ 19.9 起
Bestway百适乐水果泳圈浮排系列...,可爱水果造型，安全不漏气，细...,¥ 39.9 起
Bestway百适乐坐骑系列,3D彩印，优质PVC材料，安全防漏...,¥ 149 起
Bestway百适乐泵系列,大口径气室，快速充放气，三种...,¥ 19.9 起
AirPOP 纤薄口罩 (20片装）,纤巧轻薄，柔软亲肤，防尘透气,¥ 29.8
AirPOP 便携防雾霾口罩（2片装...,双粒子防护，随心折叠，柔触贴合,¥ 14 直降
秒秒测酒精消毒片 三盒装,除菌消毒，卫生便携，预防细菌...,¥ 29 起
霍尼韦尔新风口罩米家定制,高效防护，佩戴舒适，主动送风...,¥ 249
布梨新风口罩 琅琊榜限量款,新风体验，古风外观，亲肤透气...,¥ 169
AirPOP Light 360°防雾霾口罩...,新国际认证，0胶水0甲醛*轻柔贴...,¥ 14 直降
Woobi Play儿童清吸口罩,呼吸分离，专为儿童设计，便携...,¥ 89 起
Purely布梨空气锁口罩 3只装,整体高效防护，眼镜不易起雾，...,¥ 89
AirPOP 防雾霾口罩 米家定制,双重立体防御结构，360°密封胶...,¥ 69
Purely布梨新风口罩,独特新风系统高效过滤，立体通...,¥ 149
智米轻呼吸防霾口罩 3只装+1支...,放肆呼吸，不只是酷,¥ 39
布梨新风口罩滤片,布梨新风口罩滤片套装10件装（...,¥ 72
name,desc,price
极蜂天文望远镜,90mm物镜口径/高分辨率成像/天...,¥ 1199
极蜂强光变焦手电筒,CREE 1000流明进口灯珠，无级变...,¥ 149
Gocamp折叠午休床,轻便折叠设计/宽大稳固舒适/节...,¥ 199
早风多用全自动帐篷,一提即可搭建/UPF50+双重防晒/...,¥ 299
早风户外3-4人双层速开帐篷,3秒搭建，超大空间，防雨防潮，...,¥ 299
早风户外降落伞布吊床,600斤承重/秒搭设计/时尚轻便/...,¥ 79
早风户外单人自动充气垫,加大加厚，防皱耐磨，一体充气...,¥ 129
早风超轻羽绒睡袋,纯白鸭绒/防泼水防静电/超轻易...,¥ 369
早风防潮野餐垫,舒适手感，携带轻便，健康环保...,¥ 79
早风超轻碳纤维登山杖,徒步登山更省力，强韧杖杆不易...,¥ 99
小米米家对讲机,极简设计，8天超长待机，位置共...,¥ 249
小米米家对讲机背夹,轻巧便携 / 边角保护 / 稳固贴...,¥ 19 直降
九号平衡车,年轻人的酷玩具/骑行遥控两种玩...,¥ 1999
九号平衡车 Plus,增强型镁合金底盘/35km 超长续...,¥ 3499
小米米家电动滑板车,极简几何设计，1分钟轻松上手/...,¥ 1999
骑记智能山地自行车,智能定位防丢设计，极简实用11...,¥ 2099 直降
QiCYCLE R1公路自行车,环法标准的专业公路自行车,¥ 15999 直降
米家骑记电助力折叠自行车,力矩传感助力，骑行数据监测，...,¥ 2999
九号单轮平衡车A1,单轮代步，轻便简单，做城市最...,¥ 1699 起
九号单轮平衡车S2 蝙蝠侠定制版...,正版授权，黑暗骑士，换你登场,¥ 3499
九号单轮平衡车S2,便携易提，双电双仓超长续航，...,¥ 3299 起
Smart4u城市轻骑智能闪盔,自动光感警示灯/超长续航/磁吸...,¥ 169
骑记城市休闲头盔,内外一体成型，可更换式帽檐设...,¥ 169
Ninebot Kids Bike儿童运动自行...,乖巧优雅车身，时尚撞色，品质...,¥ 699 起
骑记小学生山地车,酷炫动感，航空铝合金车架，便...,¥ 779 直降
Ninebot Kids Bike儿童运动自行...,流线型车架，优秀操控感，品质...,¥ 699 起
骑记骑滑两用安全儿童车,骑行滑步二合一，人体工程设计...,¥ 669 直降
电池快充套装,适用于九号单轮平衡车A1，续航...,¥ 999
小米云台相机,与九号平衡车Plus完美适配,¥ 1499
九号平衡车Plus 停车支架,停放无忧，极简化设计，小身材...,¥ 29
九号平衡车 Plus 载物筐,九号平衡车Plus专属 / 15kg负载...,¥ 99
九号单轮平衡车辅助轮,新手入门必备安全辅助轮，A1\S...,¥ 169
九号单轮平衡车防护套装,适用于A1\S2单轮车型号，全方位...,¥ 199
迈未风口实木香珠,简约设计/香味持久/异味分解/多...,¥ 39 起
睿米车载空气净化器,80㎡/n颗粒物CADR，OLED显示屏...,¥ 899
70迈智能后视镜,智能语音交互 / ADAS 高级驾辅...,¥ 1299
小米米家智能后视镜,ADAS驾驶辅助系统/1080P高清行...,¥ 999
小米米家后视镜行车记录仪,语音控制/5英寸IPS大屏/停车监...,¥ 399
70迈胎压监测仪,车规级内置传感器/进口芯片/实...,¥ 349
米家行车记录仪,SONY IMX323图像传感器，Mstar...,¥ 349
70迈 智能记录仪,智能语音控制丨 1080P 全高清丨...,¥ 199
70迈高清倒车影像摄像头,前后双录/138°广角/720P高清夜...,¥ 99
清蜓车载负离子空气净化器,负离子净化，静音无风机，激光...,¥ 699
米家车载空气净化器 USB版,双风机循环气流，过滤PM2.5颗粒...,¥ 449
米家车载空净除甲醛滤芯,触媒活性炭滤网，吸附甲醛，过...,¥ 69
米家车载空气净化器滤芯,触媒活性炭滤网，吸附甲醛，过...,¥ 49
迈未汽车地垫/尾箱地垫,PET环保无味/安全防滑/深度易洁...,¥ 99 起
ROIDMI（睿米）记忆绵久坐套装R1,60D记忆绵，3-5s慢回弹，咖啡丝...,¥ 59 起
智米多效防霾汽车空调过滤器 两...,高效过滤PM2.5，活性炭吸附甲醛...,¥ 79 起
智米车载逆变器,12V转220V、USB智能快充、多功...,¥ 229
米家车载逆变器,双USB充电口 / 国际组合插孔 /...,¥ 199
睿米一分二点烟器,行车记录仪+其他车载设备的充电...,¥ 79
音乐蓝牙车充(弹片式),多车型适配，音乐播放，电瓶监...,¥ 99
小米车载充电器快充版,QC3.0 双口输出 / 智能温度控制...,¥ 69
小米车载充电器  黑色,全金属外观，双USB智能输出,¥ 49
LP全钢双USB智能车充,双向USB接口，全钢结构，安全锤...,¥ 79 起
小米车载充电器快充版 扩展配件...,USB-A + USB-C双口输出、支持P...,¥ 99
车载磁吸手机支架,稳固防滑，磁力吸附，360度旋转,¥ 49
TITA临时停车牌,号码随心换/可隐藏设计/软性硅...,¥ 39
临时停车牌,磁吸数字贴片/分隔符设计/专用...,¥ 49
name,desc,price
素士低研磨亮白牙膏 2支装,日本原装进口，温和亮白牙齿,¥ 49.9
素士声波电动牙刷 黑金升级版,素士牙线已上线，请搜索“牙线...,¥ 260 直降
素士声波电动牙刷 青春版,四色彩环，37200次/分钟 高频震...,¥ 169 起
贝医生牙线 3盒装,Teflon材质，纤薄顺滑，超强柔...,¥ 29.9
贝医生0+漱口水 抑菌型（便携装...,不添加酒精，不添加色素，口感...,¥ 39.9
Oclean One 智能护齿声波电动牙...,配套刷头已上线，请搜索“刷头...,¥ 399 起
素士声波电动牙刷 白金版,素士牙线已上线，请搜索“牙线...,¥ 242 起 直降
素士专业护理牙线棒 50支装*6盒...,自信笑容，从牙线棒开始,¥ 29.9
米家声波电动牙刷 白色,高效动力，刷得干净，多种刷牙...,¥ 199
贝医生 0+美白牙膏 3支装,安全配方/科学亮白/强效清洁/持...,¥ 49.9 起
贝医生巴氏牙刷（单支装）,德日进口毛刷，专利科学布局，...,¥ 9 直降
贝医生巴氏牙刷 四色装,贝医生牙线已上线，请搜索“牙...,¥ 39 直降
素士刷头配件,通用清洁型，深度清洁型，敏感...,¥ 59
Oclean清洁型刷头 2支装,深度，强劲，舒适,¥ 59
素士声波电动牙刷 黑白对装,【下单赠送4支刷头】,¥ 520 直降
米家声波电动牙刷头(通用型)3支...,无锈无金属植毛，提升约40%植毛...,¥ 69
猪鬃气垫顺发梳,抚平毛躁/平衡油脂  深度清洁/...,¥ 69
AMIRO高清日光镜,美光之下，镜享梳妆   95%日光...,¥ 199
直白沙龙级负离子吹风机,沙龙级大风量，小而轻  日本万...,¥ 149
月立无线迷你夹板,无线便携/纳米负离子  卷直随心...,¥ 139
须眉四刀头剃须刀（往复式）,深层快速剃净，全身水洗，超长...,¥ 269 直降
素士负离子速干电吹风,大风量速干/德国IF设计大奖/全...,¥ 199
月立蒸汽直发器,热蒸汽保护/角蛋白涂层  五档主...,¥ 199
米家电动剃须刀,双环刀网/干湿双剃/可直接冲洗...,¥ 199
喜方良品 纤柔速吸干发帽,强力吸水 柔软包裹  不易掉毛 ...,¥ 29
米家便携电动剃须刀,全金属机身，日本安来钢刀头，...,¥ 179
小吉泡沫洗手机 感应式,配套洗手液已上线，请搜索“洗...,¥ 99 起 直降
须眉护发按摩梳,进口原木/手工制作  环保硅胶/...,¥ 55 起 直降
直白迷你水洗剃须刀,迷你机身/全身水洗  干湿两剃/...,¥ 99
喜方良品细柔省水化妆棉 100片...,省水湿敷/无荧光剂  亲肤柔软/...,¥ 29 起
inface声波离子洁面美容仪,深层清洁 细腻洁面 温润滋养,¥ 299
杺制描金手绘梳,百年稀木，描金臻作，温润如玉...,¥ 79 起
须眉负离子护发电吹风,超大风量速干，双倍负离子，专...,¥ 152 直降
焕醒剃须刀,德国索林根制造，6层刀片，超级...,¥ 99 起
月立电动防水修足器,一机多用，触点式充电，全身水...,¥ 169
月立便携负离子按摩梳,负离子去静电，震动按摩，随身...,¥ 119
杺制天然原木梳,珍贵原木，原材手作，温润如玉...,¥ 68 起
焕醒剃须刀 刀头 4支装,日本HITACHI特种钢材，德国制造...,¥ 129
COMO LIVING天竺棉雪花纱毛巾/...,"精梳天竺棉,柔软亲肤，强吸水工...",¥ 39 起
最生活毛巾（运动系列）,加长设计/抗菌防异味  3秒吸汗...,¥ 39 直降
最生活长绒棉吸水浴巾,阿瓦提长绒棉，3秒强吸水，580...,¥ 89 直降
最生活方巾·青春系列,阿瓦提长绒棉，小尺寸轻松拧干...,¥ 14 直降
最生活长绒棉吸水毛巾 3条装,阿瓦提长绒棉，瑞典抗菌科技,¥ 59 直降
最生活长绒棉卫浴速吸四件套,实惠套装浴巾（1条）+毛巾（3条）,¥ 128 直降
最生活毛巾·青春系列,阿瓦提长绒棉，瑞典抗菌科技，...,¥ 19 直降
花愈凝萃舒缓保湿喷雾 150ml,清爽保湿，改善肤色，舒缓肌肤,¥ 69
水肌美碳酸泡泡清洁面膜 6袋装...,深入清洁 温和养肤 日本两项专...,¥ 99
水肌美桃花肌面膜  6片装,水感透亮 六大无添加 通过日本...,¥ 69
水肌美男士舒爽面膜 6片/盒,清爽控油 收缩毛孔 卓效补水,¥ 69
水肌美素颜霜,自然美颜 植物润养  日本进口原...,¥ 139
水肌美舒缓修护面膜,舒缓修护 水润升级 温和配方 日...,¥ 69
水肌美富勒烯水光霜,水感透皙 滋润补水 修护屏障,¥ 139
水肌美健康水,活颜换肤/卓效保湿/调理肤质/舒...,¥ 99
水肌美保湿乳,珍贵角鲨烷/滋润不油腻/焕颜提...,¥ 99
水肌美男士经典护肤三件套,日本进口原料/深层清洁  补水控...,¥ 169
水肌美净肤洁颜膏 100g,深层清洁肌肤，温和又滋润，日...,¥ 59 起
水肌美酵素补水面膜 6片装,日本酵素专利成分，深层补水滋...,¥ 59 起
集简冷冽山泉植物香氛沐浴露 5...,泡沫丰富，清爽洁净，植物保湿,¥ 49
集简冷冽山泉植物香氛身体乳 2...,亮白保湿，均匀肤色，清爽补水,¥ 69
寻味走珠香体露,止汗抑味，保湿透气，清新自然,¥ 25
集简冷冽山泉植物香氛爽身走珠,法国香氛，止汗除臭，干爽香体,¥ 29
寻味精油香氛花露水,止痒祛痱，缓解红肿，植物精油,¥ 39
甄沐海岸松无硅油氨基酸洗发护...,头皮舒爽/清爽控油  蓬松丰盈/...,¥ 49 起
甄沐密罗木无硅油氨基酸洗发护...,头皮舒爽/水润修护  滋养强韧/...,¥ 49 起
集简香氛护手霜礼盒 3支装,高品质原料/珍稀角鲨烷  天然植...,¥ 49
小吉泡沫洗手液 250ml 3瓶装,小吉洗手机专用/pH中性  去除5...,¥ 49.9 起
集简冷冽山泉植物香氛身体喷雾,进口香氛，国际专利，芳香怡人,¥ 39
加菲猫 婴幼儿燕麦洗发沐浴泡泡...,一瓶两用，天然提取，无泪配方...,¥ 46 起
硅藻土浴室地垫,坚硬质地，吸水速干，清洗便捷...,¥ 95 直降
小吉浓缩洗衣液,丹麦酵素技术，4倍洁净力，温和...,¥ 49.9 起
小闲三倍浓缩洗衣液 1千克/瓶,深层去污，三倍浓缩，速溶易漂...,¥ 49 起
小闲洗衣凝珠,6倍洁净，柔顺护色，简单易用，...,¥ 79 起
喜方良品全效洗衣片 28片/盒,低泡技术，母婴级别适用，pH中...,¥ 25 起
洗欢抹茶色洗漱三件套,清新抹茶色，简约设计风，贴心...,¥ 26.9 直降
喜方良品吸色防染片 35片/盒,混洗防染，洁净护色，强力吸附...,¥ 25 起
水肌美大地四色眼影,"百搭色彩,粉质细腻,持久显色",¥ 69
维维尼奥清冽花园男士女士运动...,"运动香水,名师调香,充满活力",¥ 149
水肌美百搭魅腮红,自然红润，立体修容，持久显色,¥ 69
集简冷冽山泉植物香氛身体喷雾,进口香氛，国际专利，芳香怡人,¥ 39
水肌美浓密纤长睫毛膏,"浓密纤长,自然卷翘 ,防水速干,...",¥ 79
DEZONE精致魅黑眼线笔,流畅速干，持久妆效,¥ 29
水肌美轻盈无瑕气垫BB霜（含替...,轻盈无瑕 防护隔离 养肤提亮 清...,¥ 79
DEZONE立体塑形眉笔,柔滑细腻 自然持久，自然、色均...,¥ 25
法式香氛花园藤条无火香薰,原木藤条 活化萃取  愉悦身心...,¥ 149
维维尼奥名仕花园简约男士香水...,名师调制 进口原料 甄选花材,¥ 169
维维尼奥清新花园系列香水套装...,多样芬芳，原创瓶型，甄选花材...,¥ 79
name,desc,price
贝瓦儿童游戏摇马,环保材质 | 舒适安全 | 平衡养...,¥ 169
bestkids儿童音乐健身架,童趣早教 | 韵律启萌 | 安全材...,¥ 169 起
启萌婴幼儿安抚摇铃,多重功能，安全耐咬，小巧便携,¥ 119
考拉妈妈儿童足球,轻柔脚感，高回弹环保材质，专...,¥ 99 起
小寻儿童电脑,会K歌的AI机器人，寓教于乐；海...,¥ 799
米兔卡片学习机,刷卡互动，学习报告，AR场景，...,¥ 299
Wicue10寸液晶手写板,记录闪现创意，拓展孩童思维,¥ 99 起
机器岛 启蒙认知磁力盒 4盒装...,双语学习，多种主题，趣味认知...,¥ 129
米兔智能故事机,海量好故事，微信远程互动,¥ 199
米兔智能故事机mini,精选故事，安全材质，纯正音质...,¥ 149
小米米兔音箱,天然萌的音乐小玩具，蓝牙4.0链...,¥ 99
多纳学拼音套装,趣味探索，知识面全覆盖，智能...,¥ 268
米兔遥控小飞机,精准悬停， 360°空中翻滚，720...,¥ 399
跑酷智能极速赛车,高速对战，竞技排行，数据同步...,¥ 429
米兔轨道积木 电动火车套装,63件经典零件，百变组合更耐玩...,¥ 299
贝瓦咖啡屋 120粒,无限拼插、激发创造力，安全环...,¥ 139
SIMI足球机器人 两只装,多种足球技巧，简单灵敏操控，...,¥ 199
托马斯和朋友之沙滩运输小火车...,56厘米大块头，玩法多样，大车...,¥ 199
BESTKIDS沙滩玩具 16件套,柔软不伤手，坚固有韧性，环保...,¥ 39
米兔积木机器人履带机甲,履带底盘，高精度零件，智能操...,¥ 499
米兔积木矿山卡车,方向盘控制系统，翻斗升降系统...,¥ 99
米兔智能积木,APP边玩边教，编程控制，百变拼...,¥ 199
米兔积木机器人传感套装,米兔积木机器人 *1，米兔积木机...,¥ 558
米兔积木机器人,自平衡系统，手机智能遥控，模...,¥ 499
米兔 Hape 70粒益智积木,欧洲榉木，环保水性漆，启智专...,¥ 99
米兔儿童磁力积木,磁力拼搭，无尽想象，进口A级榉...,¥ 199
贝瓦 80粒彩色儿童益智积木,环保水性漆，欧洲玩具标准,¥ 99
小木智能体感积木,孩子的学习玩具，家长的陪伴工...,¥ 339
米兔指尖积木,无限翻转，简约外观，精致便携,¥ 9 直降
米兔积木机器人颜色传感器,颜色识别，灰度识别，无线连接,¥ 99
柔软米兔抱枕 60cm,严格选料，材质柔软 ，精制工艺...,¥ 129
经典款米兔 25cm,精致工艺，品质保证,¥ 49
悟空米兔,霸气米兔，再现经典，萌物来袭,¥ 49
米兔遥控小飞机保护架,一组四片，专为小米无人机设计...,¥ 19
米兔遥控小飞机螺旋桨,航空专用螺旋桨翼型 ／ 超韧性...,¥ 19
QBORN新薄型清凉垫,纳米释冷 | 沁爽轻薄 | 一垫多...,¥ 89
QBORN儿童安全座椅,精钢加固骨架抗形变,¥ 1299
柒小佰变形儿童车,德国IF设计大奖，骑滑双模式，...,¥ 399
米兔儿童滑板车,多重安全保护，促进孩子肢体协...,¥ 249
贝瓦 儿童滑板车,四重安全保障，重力转向，畅快...,¥ 199
BEBEHOO START轻便四轮婴儿推车...,轻巧便携，可坐可躺，独立减震...,¥ 749
稚行小轻星折叠儿童推车,舒适空间，单手快折，轻巧便携,¥ 469
骑记骑滑两用安全儿童车,骑行滑步二合一，人体工程设计...,¥ 669 直降
骑记小学生山地车,酷炫动感，航空铝合金车架，便...,¥ 779 直降
Ninebot Kids Bike儿童运动自行...,流线型车架，优秀操控感，品质...,¥ 699 起
Ninebot Kids Bike儿童运动自行...,乖巧优雅车身，时尚撞色，品质...,¥ 699 起
柒小佰Q萌儿童头盔,Q萌造型 | 头围可调 |安全环保...,¥ 79
Ninebot Kids Bike静音辅助轮...,恪守安全，骑行舒适，安静无噪...,¥ 59
骑记儿童车平衡轮,加厚型钢板，无尖锐部件，橡胶...,¥ 79
小扬多功能婴儿背带腰凳,保护脊椎，预防O/X型腿，舒适背...,¥ 199
小扬婴儿腰凳便捷版,"轻巧便携，预防O/X型腿,舒适背...",¥ 69 起
米兔儿童电话手表 2,高清彩屏，超长续航，五重定位...,¥ 399
米兔儿童电话手表2C,37.8克裸感佩戴 ，高清通话，语...,¥ 199
小寻儿童电话手表 S1,充电1次，续航5天,¥ 298
小寻儿童电话手表 彩屏版,触控彩屏，五重定位，低辐射更...,¥ 179 直降
米兔定位电话,时刻定位，十天超长待机，守护...,¥ 169
TS儿童太阳镜,阻隔紫外线  呵护幼嫩双眸,¥ 99
Woobi Play儿童清吸口罩,呼吸分离，专为儿童设计，便携...,¥ 89 起
未来密码有机棉连衣裙,轻薄舒适 | 裙型挺括 | 素雅印...,¥ 89
壹果儿童T恤（2件装）,轻薄舒适 | 吸汗透气 | 童趣印...,¥ 89
儿童/成人纳米防污抗菌T恤,防污抗菌 | 纳米技术 |百分百棉...,¥ 79 起
儿童透气防晒皮肤衣,"UPF>40, 透气排汗，薄透轻盈",¥ 129
儿童斗篷雨衣,斗篷造型，柔软轻便，加强防雨...,¥ 99
ULEEMARK  儿童轻便羽绒服,90%白鸭绒，夜行反光，活力撞色...,¥ 199
小寻爆米花网孔儿童运动鞋,吸汗排湿，回弹缓震护足膝，袜...,¥ 149
小寻爆米花儿童运动鞋,回弹减震，防滑耐磨，呵护足部...,¥ 199
FREETIE 儿童运动鞋,弹力鱼骨锁紧系统，防踢鞋头，...,¥ 129
稚行趣萌小耳朵拉杆箱,DIY贴纸，独家小耳朵，马卡龙色...,¥ 369
小扬减负护脊低年级学生书包,减负护脊 | 呵护成长,¥ 229
小扬减负护脊高年级学生书包,减负护脊 | 轻松上学,¥ 189
小怪兽3D压模护脊幼儿书包,轻量化包体，减负护脊，安全面料,¥ 89
小扬多功能大开口奶爸包,安全面料，方形大开口，内置保...,¥ 159
小扬减负护脊儿童书包,一片式好清洗，轻量化包体，减...,¥ 79 起
独角兽双肩包,轻量减负，速开拉链易取物，柔...,¥ 99
米兔儿童书包,多功能轻量化，减压背负，婴幼...,¥ 249
小鲸鱼餐盘,食品级PP材质，加深分隔，可消...,¥ 39
婴儿硅胶变形勺 两个装,边缘柔软，随意变形，呵护宝宝...,¥ 28
奶瓶清洗套装 5件套,食品级标准材料，海绵尼龙双刷...,¥ 49
云米儿童真空保温杯,一杯两喝设计，真空保温保冷，...,¥ 129
考拉妈妈消毒烘干器,99.9%杀菌，55℃烘干，可调节支...,¥ 219
考拉妈妈双瓶暖奶器,5秒瞬热，恒温暖奶，安心消毒，...,¥ 129
素士儿童声波电动牙刷,APP趣味教学 | 压力即时感应 |...,¥ 169
【首单有礼】月立儿童电动理发器,10重安全，简单好用,¥ 159
小鹿叮叮至爱纸尿裤,优质选材，3D亲肤层，超薄劲吸...,¥ 99 起
小鹿叮叮游泳纸尿裤,入水不涨膨胀 舒适不侧漏,¥ 49
小鹿叮叮至爱成长裤,透气吸水槽 立体防侧漏,¥ 109 起
考拉妈妈婴童纯棉湿巾,婴童专用 春黄菊花提取物,¥ 69 起
小鹿叮叮纯棉婴儿手口柔湿巾,天然纯棉 无化学添加,¥ 39.9 起
[内购]加菲猫 婴幼儿燕麦洗发沐...,一瓶两用，天然提取，无泪配方...,¥ 46 起
婴儿燕麦玉米爽身粉 100g,无滑石粉，祛痱止痒，隔离湿气...,¥ 35
贝医生儿童牙刷,进口定制东丽软毛 ，弹性安全刷...,¥ 19.9
贝医生儿童牙刷 2支装,进口定制软毛，弹性安全柄颈，...,¥ 39
贝瓦 全棉5层纱布方巾（3条装）,柔软亲肤，5层褶皱设计，2.3秒...,¥ 49
贝瓦 抗菌新生儿洗护礼盒,100%全棉，六层纱布，万针织造,¥ 199
考拉妈妈湿纸巾加热器,恒温存热，抽取方便，无需加水...,¥ 69
Bestkids婴儿冰丝凉席,清凉透气 | 柔和亲肤 | 四角弹...,¥ 79
8H 儿童天然蚕丝子母被,100%天然蚕丝，安心彩棉，子母...,¥ 299 起
贝瓦 XPE户外垫,安全环保，易于收纳，防潮防水...,¥ 79
贝瓦XPE折叠垫,安全环保，缓冲抗震，携带方便...,¥ 169 起
贝瓦 儿童环保爬爬垫,高弹防磕碰，安全环保，易于清洗,¥ 129 起
贝瓦PVC双面防滑地垫,韩国进口材料，吸震慢回弹防护...,¥ 599 起
180°可折弯天然软木地垫,软木材质，恒温防滑，百变拼接...,¥ 199
COMO LIVING儿童缎纹印花三件套...,埃及长绒棉，新活性印染，童趣...,¥ 399
贝瓦 新生儿衣物礼盒八件套,高端原料，安全天然，四季适用,¥ 139 起
Snuggle world恒温睡袋,A标品质，outlast恒温技术，全...,¥ 159
贝瓦 婴儿纯棉尿布 10条装,柔软纯棉，快速吸水，  清爽透...,¥ 99
QBORN多功能宝宝椅,学坐用餐多功能，180°五档位置...,¥ 219
